Date,Open,High,Low,Last,Close,Total Trade Quantity,Turnover (Cr)
2024-06-12,1110.90,1135.00,1097.00,1123.60,1111.40,93150,403.6888188
2024-06-11,1081.10,1120.95,1073.40,1111.40,1086.00,95841,381.0995807
2024-06-10,1064.95,1097.70,1060.00,1086.00,1056.15,66806,266.1599366
2024-06-07,1028.90,1061.60,1017.95,1056.15,1063.35,65954,258.7614423
2024-06-06,1046.95,1067.00,1045.00,1063.35,1043.10,32991,90.9132030
2024-06-05,1016.00,1047.00,991.50,1043.10,996.95,42669,85.6217306
2024-06-04,1068.00,1068.00,960.05,996.95,1060.85,1030714,195.9381005
2024-06-03,1068.00,1068.00,1033.65,1060.85,1030.15,49386,148.3619955
2024-05-31,1048.45,1055.95,1027.00,1030.15,1043.55,36100,135.6600732
2024-05-30,1072.65,1078.95,1037.00,1043.55,1072.30,36638,112.0709858
2024-05-29,1096.40,1101.45,1070.25,1072.30,1096.40,32302,98.9313616
2024-05-28,1108.90,1129.00,1090.45,1096.40,1105.15,54793,178.9985068
2024-05-27,1092.60,1117.00,1086.40,1105.15,1084.25,56859,261.4550687
2024-05-24,1089.85,1118.40,1080.05,1084.25,1088.85,69316,351.1031260
2024-05-23,1081.05,1094.85,1077.00,1088.85,1086.45,31693,100.9216397
2024-05-22,1084.15,1094.85,1076.45,1086.45,1087.45,26535,53.9641626
2024-05-21,1079.00,1094.35,1075.30,1087.45,1079.55,31790,62.2174623
2024-05-18,1086.85,1092.00,1078.00,1079.55,1084.45,4980,11.0230308
2024-05-17,1083.00,1105.25,1078.80,1084.45,1083.00,31515,75.5866461
2024-05-16,1080.00,1085.65,1071.40,1083.00,1072.45,22236,57.5614440
2024-05-15,1065.85,1101.50,1065.85,1072.45,1065.75,39107,104.4894412
2024-05-14,1062.25,1068.35,1048.00,1065.75,1063.00,24967,60.1316449
2024-05-13,1057.00,1065.00,1032.20,1063.00,1058.65,25759,62.8174438
2024-05-10,1045.00,1062.90,1043.00,1058.65,1044.30,34717,72.0463156
2024-05-09,1080.00,1084.00,1042.00,1044.30,1080.00,32673,66.0825903
2024-05-08,1063.55,1084.10,1055.30,1080.00,1063.55,27790,68.1011914
2024-05-07,1082.45,1087.90,1060.50,1063.55,1082.45,28025,74.8862563
2024-05-06,1096.00,1103.50,1068.45,1082.45,1090.80,36130,86.5471563
2024-05-03,1103.90,1109.40,1082.40,1090.80,1100.65,32911,112.3396155
2024-05-02,1072.00,1110.95,1065.10,1100.65,1072.15,74190,329.3502587
2024-04-30,1066.00,1084.90,1050.00,1072.15,1099.50,150909,634.4165265
2024-04-29,1135.00,1136.00,1095.90,1099.50,1122.00,59552,230.2295945
2024-04-26,1122.30,1132.50,1116.15,1122.00,1112.80,38342,131.7484926
2024-04-25,1133.95,1141.20,1108.55,1112.80,1126.85,52992,237.1857096
2024-04-24,1124.00,1144.90,1116.05,1126.85,1114.90,56238,256.3188963
2024-04-23,1119.85,1130.00,1110.00,1114.90,1115.40,36426,151.1826566
2024-04-22,1119.00,1123.00,1097.80,1115.40,1103.75,54935,205.6932737
2024-04-19,1090.00,1123.50,1080.50,1103.75,1105.05,65481,233.3182486
2024-04-18,1121.90,1155.95,1096.90,1105.05,1106.20,83899,306.0627415
2024-04-16,1090.90,1129.60,1089.10,1106.20,1102.15,58441,188.6758891
2024-04-15,1121.00,1129.90,1075.50,1102.15,1148.45,97304,315.3468470
2024-04-12,1170.00,1181.40,1146.00,1148.45,1168.55,65589,289.5570437
2024-04-10,1140.15,1188.80,1140.15,1168.55,1137.95,132818,591.2352611
2024-04-09,1142.00,1163.00,1130.25,1137.95,1137.55,87473,272.8985542
2024-04-08,1140.00,1147.85,1121.10,1137.55,1132.55,71216,220.8774110
2024-04-05,1094.95,1160.00,1088.10,1132.55,1093.65,2100374,917.3625876
2024-04-04,1102.00,1106.85,1087.00,1093.65,1091.80,40624,124.7289411
2024-04-03,1087.10,1112.70,1087.10,1091.80,1093.85,58428,192.0638623
2024-04-02,1095.90,1105.00,1087.00,1093.85,1087.20,46817,140.1996201
2024-04-01,1096.40,1125.70,1083.50,1087.20,1080.90,73038,231.8318175
2024-03-28,1112.00,1124.35,1075.20,1080.90,1110.30,79947,276.0938957
2024-03-27,1092.10,1142.80,1070.20,1110.30,1087.05,178270,783.8544407
2024-03-26,1051.00,1096.00,1046.10,1087.05,1046.40,58202,217.2092662
2024-03-22,1024.05,1064.85,1020.00,1046.40,1034.90,73589,302.3964627
2024-03-21,1048.85,1055.00,1030.50,1034.90,1031.30,50496,181.2588012
2024-03-20,1126.00,1132.00,1020.55,1031.30,1120.90,259881,943.5796073
2024-03-19,1134.70,1136.80,1113.55,1120.90,1136.55,25481,107.4197446
2024-03-18,1126.00,1143.40,1103.05,1136.55,1128.75,29707,103.9249245
2024-03-15,1136.70,1148.00,1112.50,1128.75,1135.25,42131,180.9044339
2024-03-14,1091.95,1149.85,1077.50,1135.25,1097.45,71397,311.3907724
2024-03-13,1146.00,1169.00,1081.45,1097.45,1143.65,100493,426.5663624
2024-03-12,1165.00,1169.45,1105.10,1143.65,1175.40,153946,844.5412191
2024-03-11,1220.00,1222.00,1170.00,1175.40,1315.25,342951,1754.6684349
2024-03-07,1187.05,1349.00,1175.70,1315.25,1178.45,1042294,6180.6674473
2024-03-06,1063.00,1202.85,1047.55,1178.45,1061.30,439958,2153.1325822
2024-03-05,1020.05,1085.00,1011.00,1061.30,1003.00,262384,1000.2752469
2024-03-04,981.95,1009.20,969.30,1003.00,973.05,52705,172.0288340
2024-03-02,971.00,985.55,969.35,973.05,968.00,5116,8.8545883
2024-03-01,946.00,971.30,945.00,968.00,939.20,40016,83.9231054
2024-02-29,945.10,947.10,933.00,939.20,944.10,43035,81.5422167
2024-02-28,961.00,965.50,940.50,944.10,961.80,44970,69.7664789
2024-02-27,972.00,975.00,958.75,961.80,967.70,23598,41.2519155
2024-02-26,981.75,984.45,966.00,967.70,976.50,25335,43.4807732
2024-02-23,985.10,987.75,975.00,976.50,980.55,18707,38.9503750
2024-02-22,978.50,983.65,969.05,980.55,977.50,20400,40.6495216
2024-02-21,987.05,997.00,974.05,977.50,983.35,31720,76.1407833
2024-02-20,983.90,991.95,974.10,983.35,977.45,32870,86.2010420
2024-02-19,978.45,984.60,972.00,977.45,972.15,22387,50.5728788
2024-02-16,977.00,980.95,970.20,972.15,965.50,25952,63.9594823
2024-02-15,968.05,978.90,961.90,965.50,966.20,25629,63.4256454
2024-02-14,958.00,970.00,947.75,966.20,958.30,23958,44.4366622
2024-02-13,953.85,961.70,937.15,958.30,946.05,41433,87.1317082
2024-02-12,961.00,973.40,944.05,946.05,957.05,47884,100.8008889
2024-02-09,971.05,980.10,950.10,957.05,971.05,62562,122.3831061
2024-02-08,987.05,990.00,968.00,971.05,987.05,54101,98.8930572
2024-02-07,994.90,995.95,982.25,987.05,991.95,39554,95.6241637
2024-02-06,935.25,1002.40,935.25,991.95,979.25,159698,495.4845634
2024-02-05,999.00,1002.95,976.00,979.25,997.30,86262,213.0165877
2024-02-02,1023.00,1023.95,994.50,997.30,1014.90,76905,223.9074845
2024-02-01,1035.00,1035.95,1012.00,1014.90,1028.05,34324,73.7383725
2024-01-31,1010.10,1032.60,1007.00,1028.05,1005.75,37100,96.5058421
2024-01-30,1013.15,1027.90,1003.00,1005.75,1013.15,29395,72.1951882
2024-01-29,1010.15,1018.00,1006.40,1013.15,1005.65,24786,63.4582410
2024-01-25,1022.00,1026.00,1001.10,1005.65,1017.85,27509,72.1163458
2024-01-24,1008.95,1023.00,998.55,1017.85,1003.95,28313,81.7021222
2024-01-23,1060.05,1068.00,1000.05,1003.95,1051.95,55318,117.5227847
2024-01-20,1077.30,1085.65,1001.70,1051.95,1075.25,42419,86.8678740
2024-01-19,1074.95,1096.85,1070.15,1075.25,1066.25,35514,108.0433617
2024-01-18,1080.00,1092.50,1048.00,1066.25,1083.65,40604,84.0065349
2024-01-17,1097.95,1104.95,1079.95,1083.65,1102.45,31798,66.8780648
2024-01-16,1112.20,1117.70,1089.45,1102.45,1112.20,27894,66.6540170
2024-01-15,1118.90,1125.00,1107.15,1112.20,1112.20,23292,64.1851921
2024-01-12,1110.00,1124.85,1096.70,1112.20,1104.85,33532,120.1948664
2024-01-11,1096.00,1114.00,1096.00,1104.85,1097.35,23685,63.2926719
2024-01-10,1105.05,1108.55,1088.00,1097.35,1104.15,21277,42.7208282
2024-01-09,1102.00,1118.00,1097.20,1104.15,1099.05,34173,101.8561738
2024-01-08,1109.00,1110.80,1082.15,1099.05,1104.70,37272,132.2649630
2024-01-05,1139.95,1141.00,1094.25,1104.70,1131.55,56724,179.8079479
2024-01-04,1117.05,1137.95,1113.00,1131.55,1112.65,28781,97.4853616
2024-01-03,1122.30,1129.55,1097.00,1112.65,1122.35,48826,156.2236545
2024-01-02,1117.90,1139.50,1101.00,1122.35,1117.85,51661,176.9113096
2024-01-01,1113.00,1134.90,1106.25,1117.85,1104.10,59182,207.7799518
2023-12-29,1092.00,1123.00,1083.55,1104.10,1086.60,78731,279.2196238
2023-12-28,1094.70,1095.00,1079.05,1086.60,1089.85,38415,150.6298839
2023-12-27,1100.00,1102.85,1077.15,1089.85,1094.25,63966,216.2305847
2023-12-26,1027.00,1102.00,1020.70,1094.25,1022.05,196940,781.5123730
2023-12-22,1016.00,1041.00,1012.50,1022.05,1009.65,46490,121.0740298
2023-12-21,988.60,1012.00,980.00,1009.65,988.60,33340,81.5532377
2023-12-20,1033.50,1049.90,985.00,988.60,1033.25,60784,168.7869356
2023-12-19,1040.00,1041.00,1021.10,1033.25,1034.20,28633,62.7575865
2023-12-18,1034.70,1042.85,1027.00,1034.20,1030.00,27575,92.9853889
2023-12-15,1024.75,1044.90,1012.25,1030.00,1008.40,77768,274.8545823
2023-12-14,1011.00,1019.30,1006.20,1008.40,1006.75,29470,113.6470146
2023-12-13,1011.80,1015.00,1001.20,1006.75,1005.75,22909,59.7081643
2023-12-12,1024.10,1025.00,1001.40,1005.75,1018.05,36813,95.3350492
2023-12-11,1004.95,1026.20,999.50,1018.05,996.85,36734,118.3711704
2023-12-08,1024.65,1027.25,990.00,996.85,1018.25,44531,118.3290873
2023-12-07,1019.80,1025.25,1008.10,1018.25,1011.90,31779,80.9537706
2023-12-06,995.00,1029.90,995.00,1011.90,983.20,1052023,408.6424932
2023-12-05,975.00,985.10,973.50,983.20,973.05,48626,126.7480160
2023-12-04,979.00,979.00,971.00,973.05,969.95,25752,58.3658906
2023-12-01,970.30,980.70,966.05,969.95,970.45,24628,58.6936213
2023-11-30,971.70,972.95,962.00,970.45,972.55,27365,78.4516645
2023-11-29,969.95,974.00,967.05,972.55,968.55,19615,44.5768408
2023-11-28,960.60,971.95,958.60,968.55,960.60,21596,52.4537988
2023-11-24,967.00,968.90,958.00,960.60,965.65,14299,39.5602601
2023-11-23,960.45,971.40,960.00,965.65,960.45,23629,69.8034706
2023-11-22,964.00,967.50,951.05,960.45,961.30,20090,43.8480052
2023-11-21,957.00,971.00,957.00,961.30,955.70,15560,37.1996233
2023-11-20,963.70,967.90,953.00,955.70,963.40,25893,37.4562160
2023-11-17,951.55,969.10,951.55,963.40,954.20,31022,79.4932565
2023-11-16,951.50,957.60,948.30,954.20,949.55,21931,48.6679644
2023-11-15,955.00,955.55,948.10,949.55,946.65,21887,44.0803641
2023-11-13,953.90,963.00,945.20,946.65,965.00,53420,123.1980500
2023-11-12,960.95,967.85,955.55,965.00,963.95,10923,21.2359640
2023-11-10,958.00,967.30,952.60,963.95,959.10,16580,41.8628812
2023-11-09,961.00,963.90,955.40,959.10,958.45,16606,44.3728279
2023-11-08,960.20,968.60,954.15,958.45,963.70,28335,87.3456257
2023-11-07,975.95,975.95,961.00,963.70,973.35,22307,52.8398788
2023-11-06,965.00,978.90,965.00,973.35,958.60,19349,39.0076458
2023-11-03,963.95,964.95,956.85,958.60,959.05,11908,26.9726093
2023-11-02,956.00,960.45,953.25,959.05,950.35,16360,22.0798521
2023-11-01,958.50,960.00,949.00,950.35,959.20,18782,34.6976259
2023-10-31,957.95,964.75,952.00,959.20,950.50,16679,41.5165447
2023-10-30,955.00,961.00,948.50,950.50,955.75,20473,38.7793363
2023-10-27,951.80,959.75,947.05,955.75,940.70,20129,38.5954563
2023-10-26,962.00,963.00,935.00,940.70,963.60,41885,100.2001599
2023-10-25,980.00,992.00,962.00,963.60,978.50,34522,71.1796133
2023-10-23,1014.00,1017.15,975.05,978.50,1011.70,41406,81.9468142
2023-10-20,1025.00,1034.15,1010.00,1011.70,1031.25,22299,60.0227719
2023-10-19,1044.00,1044.00,1019.65,1031.25,1044.25,22956,75.6431765
2023-10-18,1047.00,1050.70,1032.30,1044.25,1045.30,29354,101.6879293
2023-10-17,1045.05,1051.00,1042.00,1045.30,1040.85,19619,56.1371940
2023-10-16,1034.90,1050.00,1032.00,1040.85,1035.10,21474,60.9255148
2023-10-13,1035.95,1045.55,1027.00,1035.10,1038.85,20490,42.4085470
2023-10-12,1042.95,1043.00,1030.00,1038.85,1036.10,20166,48.2554005
2023-10-11,1042.00,1063.00,1033.00,1036.10,1016.80,89801,289.0261642
2023-10-10,1008.00,1023.00,1008.00,1016.80,1004.35,19748,37.1315566
2023-10-09,1005.00,1011.00,996.35,1004.35,1012.75,20724,40.7454211
2023-10-06,1012.00,1014.80,1005.30,1012.75,1009.30,15200,35.2200799
2023-10-05,1018.90,1025.00,1006.00,1009.30,1011.25,15520,29.0372801
2023-10-04,1024.85,1024.85,1000.00,1011.25,1025.10,25907,46.2277165
2023-10-03,1032.95,1032.95,1022.05,1025.10,1031.20,16206,23.3278932
2023-09-29,1020.95,1038.70,1018.80,1031.20,1016.15,14858,35.0664329
2023-09-28,1036.00,1049.75,1011.70,1016.15,1043.50,29820,64.0529119
2023-09-27,1041.95,1050.00,1035.90,1043.50,1036.95,20510,48.1212054
2023-09-26,1045.30,1049.45,1035.05,1036.95,1045.30,14988,27.9793685
2023-09-25,1042.00,1048.35,1034.00,1045.30,1035.80,23151,63.9560188
2023-09-22,1039.00,1039.55,1022.05,1035.80,1034.80,20396,50.3064512
2023-09-21,1047.80,1050.45,1030.10,1034.80,1047.80,24637,64.3124600
2023-09-20,1056.15,1056.15,1039.30,1047.80,1057.90,26682,61.8888989
2023-09-18,1070.05,1071.10,1056.15,1057.90,1070.45,18025,35.8477600
2023-09-15,1077.00,1081.50,1063.35,1070.45,1074.55,20780,69.1320985
2023-09-14,1059.00,1077.15,1057.30,1074.55,1052.90,25385,65.2400992
2023-09-13,1050.00,1063.05,1038.05,1052.90,1046.10,27527,78.2931806
2023-09-12,1085.90,1090.90,1043.00,1046.10,1085.90,36175,91.9827151
2023-09-11,1086.00,1098.00,1080.10,1085.90,1085.30,22431,55.6635551
2023-09-08,1086.20,1094.30,1081.60,1085.30,1086.15,20620,51.4533466
2023-09-07,1095.00,1096.20,1078.20,1086.15,1090.10,30838,72.1270532
2023-09-06,1106.00,1107.00,1078.20,1090.10,1103.75,21935,70.0537061
2023-09-05,1096.30,1110.85,1092.15,1103.75,1089.75,38151,135.9273611
2023-09-04,1075.15,1098.00,1070.50,1089.75,1071.15,41329,149.8134308
2023-09-01,1065.00,1076.00,1061.80,1071.15,1061.45,23740,63.2163651
2023-08-31,1063.60,1072.00,1052.60,1061.45,1059.70,23890,66.6404412
2023-08-30,1076.95,1079.85,1056.75,1059.70,1066.90,28920,97.0735782
2023-08-29,1041.00,1077.00,1040.00,1066.90,1035.75,91914,379.5580924
2023-08-28,1015.00,1041.00,1005.75,1035.75,1011.25,50869,201.1440567
2023-08-25,1017.00,1021.00,1000.00,1011.25,1015.65,36875,102.7863653
2023-08-24,1010.05,1017.40,1004.15,1015.65,1004.65,22746,58.2954005
2023-08-23,1009.00,1015.85,1003.50,1004.65,1004.00,20075,64.0076241
2023-08-22,1007.00,1008.00,1000.00,1004.00,1001.05,17815,42.8362636
2023-08-21,998.50,1006.00,996.20,1001.05,998.50,19699,58.3765250
2023-08-18,992.70,1002.00,982.00,998.50,991.40,27954,69.0967705
2023-08-17,992.60,1000.00,988.50,991.40,990.70,23216,69.9146502
2023-08-16,999.50,1000.40,988.50,990.70,1001.65,36079,55.2687629
2023-08-14,1006.00,1007.00,988.20,1001.65,1005.70,35423,64.8413003
2023-08-11,1009.00,1017.05,1002.00,1005.70,1008.05,22597,83.1028414
2023-08-10,1012.00,1015.90,1003.85,1008.05,1010.20,25262,70.1116769
2023-08-09,1009.00,1014.20,987.40,1010.20,1010.35,53893,249.5831453
2023-08-08,1010.00,1031.95,1002.30,1010.35,1039.20,70311,283.7319416
2023-08-07,1055.05,1062.00,1035.10,1039.20,1047.45,27236,73.6286805
2023-08-04,1046.50,1058.80,1042.30,1047.45,1039.50,29480,95.1151880
2023-08-03,1040.00,1046.85,1030.05,1039.50,1041.40,21791,66.7409769
2023-08-02,1059.95,1059.95,1027.05,1041.40,1072.90,55746,181.1355694
2023-08-01,1064.20,1083.60,1059.50,1072.90,1059.35,51018,159.9280275
2023-07-31,1060.30,1071.80,1051.05,1059.35,1051.05,56659,183.8114040
2023-07-28,999.00,1053.95,997.45,1051.05,993.65,1180555,556.6804081
2023-07-27,1003.20,1006.00,986.15,993.65,998.20,25884,101.3629292
2023-07-26,977.10,1002.00,977.10,998.20,977.10,40954,153.0124281
2023-07-25,994.50,995.00,975.00,977.10,990.50,40109,104.3434573
2023-07-24,990.00,997.00,987.00,990.50,987.65,19707,58.6342738
2023-07-21,992.85,994.00,978.60,987.65,994.45,19716,61.9684923
2023-07-20,1001.80,1001.80,990.45,994.45,997.75,26819,56.2052891
2023-07-19,996.00,1004.75,993.00,997.75,997.85,22097,51.9448486
2023-07-18,994.00,1006.00,990.25,997.85,993.65,27209,96.0183344
2023-07-17,986.90,995.80,984.00,993.65,983.50,19095,79.0046615
2023-07-14,979.00,990.60,977.00,983.50,977.00,28529,92.0537831
2023-07-13,987.40,990.50,971.40,977.00,983.45,30320,89.2752479
2023-07-12,993.20,998.20,982.00,983.45,992.25,23616,81.7800221
2023-07-11,998.00,999.00,986.00,992.25,996.30,22989,93.1221419
2023-07-10,1006.00,1007.00,981.75,996.30,1002.20,34685,109.2504490
2023-07-07,1014.10,1026.00,995.50,1002.20,1012.80,38933,124.5493008
2023-07-06,1009.40,1018.00,1004.65,1012.80,1007.35,21327,57.3267062
2023-07-05,1010.00,1016.50,1003.55,1007.35,1006.85,17822,61.8413878
2023-07-04,1010.60,1029.00,1004.85,1006.85,1008.05,53767,206.7444722
2023-07-03,1004.00,1016.50,1001.00,1008.05,1001.40,22965,82.4227464
2023-06-30,1002.00,1007.45,993.05,1001.40,996.25,28861,89.4285323
2023-06-28,1010.00,1015.65,993.05,996.25,1006.25,31836,112.1361451
2023-06-27,993.95,1020.00,993.95,1006.25,993.95,47722,205.4129582
2023-06-26,981.95,997.00,970.05,993.95,980.05,28488,94.9412734
2023-06-23,1008.90,1009.00,976.40,980.05,1004.55,40211,127.5738444
2023-06-22,1003.50,1009.80,992.20,1004.55,997.20,41551,168.9695392
2023-06-21,988.45,999.00,977.15,997.20,983.50,43405,174.1616120
2023-06-20,980.00,986.00,974.05,983.50,978.45,23644,124.3653876
2023-06-19,972.40,980.00,967.80,978.45,970.95,26718,112.7378769
2023-06-16,959.00,972.75,956.00,970.95,958.50,35147,135.0666617
2023-06-15,969.00,970.80,953.50,958.50,977.95,78056,345.5685175
2023-06-14,973.95,981.90,957.90,977.95,1000.05,88944,316.4771631
2023-06-13,990.00,1006.00,989.05,1000.05,987.75,42495,123.7977453
2023-06-12,990.00,991.85,983.15,987.75,985.95,18776,59.3532047
2023-06-09,1004.00,1008.10,981.15,985.95,1003.25,29470,95.0123666
2023-06-08,999.00,1015.00,997.05,1003.25,994.75,39624,139.9640697
2023-06-07,997.45,1000.00,991.30,994.75,993.75,16591,48.2677574
2023-06-06,1000.00,1007.10,988.80,993.75,995.55,34710,96.3880466
2023-06-05,979.60,1017.95,976.85,995.55,969.80,1052012,517.7398710
2023-06-02,970.00,979.40,968.00,969.80,968.95,17017,50.2861579
2023-06-01,972.00,976.90,966.15,968.95,970.60,18683,40.3001856
2023-05-31,971.00,972.50,964.00,970.60,969.10,21327,68.7943987
2023-05-30,974.40,975.00,963.50,969.10,971.85,19276,46.3102248
2023-05-29,972.30,975.85,967.65,971.85,970.25,14376,44.3819520
2023-05-26,960.00,972.25,955.00,970.25,956.70,21565,67.7828873
2023-05-25,988.45,989.65,946.05,956.70,987.10,52122,155.5654149
2023-05-24,984.20,998.65,975.00,987.10,981.90,24053,72.1452197
2023-05-23,987.00,994.00,980.00,981.90,987.20,17354,61.9729669
2023-05-22,986.95,994.00,975.50,987.20,984.15,14471,65.8659650
2023-05-19,989.40,991.00,974.35,984.15,984.65,19937,83.0017380
2023-05-18,987.95,992.50,980.05,984.65,982.10,19172,67.4144680
2023-05-17,980.00,984.55,966.60,982.10,976.80,19447,76.0912969
2023-05-16,994.00,995.95,975.00,976.80,990.10,22924,44.6170316
2023-05-15,989.90,993.70,979.15,990.10,985.20,12863,41.7789424
2023-05-12,991.00,995.90,982.15,985.20,988.60,22177,70.9260144
2023-05-11,977.00,990.00,975.55,988.60,974.50,30967,96.0728214
2023-05-10,972.05,976.35,963.60,974.50,965.85,28153,87.7029211
2023-05-09,972.65,978.95,964.00,965.85,969.95,23783,82.0067664
2023-05-08,965.00,973.90,960.50,969.95,959.50,23872,83.1293117
2023-05-05,987.05,987.25,958.00,959.50,982.25,42547,147.7505288
2023-05-04,999.95,1017.85,970.00,982.25,993.10,89932,363.7414516
2023-05-03,971.95,996.90,969.00,993.10,972.00,32803,107.9048773
2023-05-02,955.30,987.90,954.55,972.00,952.70,36585,133.7320427
2023-04-28,947.95,959.00,944.00,952.70,943.70,25268,70.2316920
2023-04-27,934.85,945.25,929.05,943.70,931.60,17962,66.8758235
2023-04-26,943.95,948.90,930.00,931.60,944.40,33416,100.6265615
2023-04-25,951.00,954.45,941.50,944.40,948.50,20138,69.0809437
2023-04-24,946.95,949.40,942.85,948.50,944.45,13439,43.6402755
2023-04-21,945.55,948.80,937.50,944.45,942.70,21930,78.9043534
2023-04-20,930.20,945.50,927.00,942.70,933.40,39860,131.2590810
2023-04-19,934.00,939.90,921.65,933.40,932.10,49119,178.2929827
2023-04-18,980.00,980.00,926.05,932.10,990.85,165520,581.8718087
2023-04-17,1022.00,1029.90,986.65,990.85,1026.15,26618,61.3918080
2023-04-13,1020.00,1029.00,1016.50,1026.15,1020.65,19265,47.9729590
2023-04-12,1018.00,1027.00,1012.05,1020.65,1016.80,28639,59.9495182
2023-04-11,1008.00,1018.45,1002.60,1016.80,1003.65,21524,62.6540836
2023-04-10,993.95,1004.75,985.00,1003.65,989.15,23671,64.6350855
2023-04-06,975.70,990.00,972.40,989.15,975.60,20030,38.6484965
2023-04-05,975.05,977.00,959.25,975.60,977.15,20683,46.4732565
2023-04-03,979.95,983.00,973.10,977.15,972.45,17638,39.0320295
2023-03-31,959.55,981.05,958.05,972.45,954.75,24782,67.0091507
2023-03-29,953.80,961.00,945.00,954.75,953.80,21921,57.7778913
2023-03-28,956.45,960.15,950.40,953.80,955.05,14701,47.5879164
2023-03-27,954.00,960.65,948.15,955.05,953.95,22465,35.6032455
2023-03-24,964.00,970.00,950.00,953.95,968.10,23654,54.8984238
2023-03-23,960.00,971.85,952.05,968.10,961.50,26952,63.6186181
2023-03-22,953.00,965.80,951.30,961.50,953.20,20060,33.6827085
2023-03-21,951.00,957.70,948.00,953.20,950.40,19896,34.9522331
2023-03-20,962.40,962.40,934.25,950.40,963.10,24508,66.3339350
2023-03-17,963.40,969.60,957.50,963.10,958.50,24602,55.9924485
2023-03-16,965.95,965.95,943.25,958.50,963.30,35034,60.5972946
2023-03-15,977.00,983.50,960.00,963.30,966.50,13582,33.1099535
2023-03-14,967.70,975.00,954.00,966.50,965.15,27964,59.7768660
2023-03-13,980.00,985.10,961.30,965.15,980.75,29368,62.1586621
2023-03-10,988.00,989.85,970.80,980.75,993.25,23642,52.3833286
2023-03-09,1011.00,1015.90,990.65,993.25,1010.80,25468,59.7398163
2023-03-08,1001.80,1016.00,992.10,1010.80,1002.05,29717,63.7307279
2023-03-06,1010.95,1011.95,999.55,1002.05,1007.95,37809,77.8936558
2023-03-03,990.10,1013.00,989.10,1007.95,989.10,33800,94.8440934
2023-03-02,997.00,998.15,984.90,989.10,994.50,35331,57.0154867
2023-03-01,972.00,999.00,972.00,994.50,975.00,27296,60.2688951
2023-02-28,976.00,980.95,965.20,975.00,974.85,25179,69.6946931
2023-02-27,972.00,984.50,961.10,974.85,972.10,44684,159.9978874
2023-02-24,978.00,984.65,968.50,972.10,972.85,29277,81.7928650
2023-02-23,969.00,989.90,962.25,972.85,965.20,39561,104.6037681
2023-02-22,1000.25,1001.60,958.55,965.20,1000.25,46540,174.8240522
2023-02-21,1012.00,1017.95,998.00,1000.25,1010.95,19534,57.9524847
2023-02-20,1020.65,1025.70,1004.50,1010.95,1018.85,32444,60.6385573
2023-02-17,1024.05,1033.35,1015.55,1018.85,1024.90,23557,47.7540324
2023-02-16,1013.00,1035.00,1011.10,1024.90,1010.65,36145,116.0631078
2023-02-15,1009.95,1019.90,1004.10,1010.65,1009.95,25813,63.3179647
2023-02-14,1019.00,1023.65,1007.25,1009.95,1017.30,15869,39.1542522
2023-02-13,1020.70,1028.00,1009.35,1017.30,1020.30,21723,57.1132756
2023-02-10,1013.20,1026.20,1004.00,1020.30,1012.55,34429,73.8152363
2023-02-09,1021.00,1036.00,1010.75,1012.55,1029.40,39971,67.3341399
2023-02-08,1032.00,1041.25,1011.50,1029.40,1030.95,42681,103.0689690
2023-02-07,1011.75,1040.00,1003.20,1030.95,1006.70,81143,269.0023879
2023-02-06,970.00,1010.00,967.05,1006.70,969.95,44787,119.7111313
2023-02-03,968.60,999.00,961.05,969.95,967.25,58268,138.8547284
2023-02-02,948.10,986.75,912.00,967.25,956.15,1050352,263.1993676
2023-02-01,980.00,985.10,942.45,956.15,973.40,65288,114.1089874
2023-01-31,958.00,979.00,955.00,973.40,955.35,37694,73.6589683
2023-01-30,945.00,960.70,936.40,955.35,945.00,32837,52.2733305
2023-01-27,954.65,960.30,929.40,945.00,950.40,30674,61.1006640
2023-01-25,970.00,970.00,948.40,950.40,971.80,31268,59.5621282
2023-01-24,977.15,984.00,967.05,971.80,977.15,18252,43.2911813
2023-01-23,975.85,978.65,971.20,977.15,975.85,14255,28.3455038
2023-01-20,981.00,987.70,973.00,975.85,980.45,20048,41.0110513
2023-01-19,997.00,998.95,978.30,980.45,998.95,24005,59.0489593
2023-01-18,991.55,1000.50,988.35,998.95,987.20,30090,73.1166845
2023-01-17,975.25,989.15,970.35,987.20,970.35,33905,87.0784787
2023-01-16,976.60,981.80,969.50,970.35,974.60,22718,34.7506948
2023-01-13,973.95,976.00,964.05,974.60,973.25,18740,37.9062956
2023-01-12,971.75,978.60,969.00,973.25,967.75,23805,57.7761158
2023-01-11,973.00,975.00,962.40,967.75,968.55,27727,62.2885717
2023-01-10,959.20,972.40,953.15,968.55,958.30,36783,90.0085581
2023-01-09,950.00,960.90,947.50,958.30,948.30,31045,62.3883046
2023-01-06,942.15,956.00,938.50,948.30,942.15,35823,104.4342926
2023-01-05,934.70,946.30,925.85,942.15,931.65,28760,78.0062863
2023-01-04,942.00,943.85,926.05,931.65,941.70,24620,67.9121072
2023-01-03,945.00,948.60,938.15,941.70,941.35,17487,47.0006685
2023-01-02,941.85,943.70,930.15,941.35,937.15,35539,69.9591761
2022-12-30,931.60,947.00,930.80,937.15,928.55,27280,82.1086699
2022-12-29,928.00,935.00,922.00,928.55,933.20,36455,85.2046061
2022-12-28,922.45,939.40,915.60,933.20,918.40,36161,94.7600399
2022-12-27,911.35,923.80,909.20,918.40,906.80,32296,88.7559296
2022-12-26,897.00,916.15,876.80,906.80,891.70,31671,75.8439006
2022-12-23,933.85,937.10,889.05,891.70,940.25,48713,127.7042683
2022-12-22,970.45,974.95,933.10,940.25,965.60,46654,115.2439327
2022-12-21,985.20,996.50,960.95,965.60,979.00,42114,101.3590313
2022-12-20,990.70,991.10,968.40,979.00,988.65,34186,83.5344163
2022-12-19,992.50,997.90,968.80,988.65,991.50,58944,160.8910551
2022-12-16,1025.80,1025.80,985.70,991.50,1026.70,62447,175.5593160
2022-12-15,1039.20,1042.95,1022.10,1026.70,1036.50,21394,56.3338845
2022-12-14,1038.00,1044.90,1035.00,1036.50,1033.70,29005,73.3236622
2022-12-13,1034.90,1045.45,1032.20,1033.70,1034.15,19245,55.5084209
2022-12-12,1033.00,1039.50,1025.30,1034.15,1033.75,24729,65.4135418
2022-12-09,1049.95,1056.95,1026.25,1033.75,1046.25,27111,80.4799250
2022-12-08,1032.45,1049.00,1026.00,1046.25,1029.50,26366,77.5737298
2022-12-07,1046.30,1047.65,1021.70,1029.50,1043.20,22993,70.4744430
2022-12-06,1055.00,1060.60,1040.95,1043.20,1056.70,21928,110.0120118
2022-12-05,1044.10,1071.45,1039.80,1056.70,1039.35,50909,158.5190571
2022-12-02,1048.00,1053.00,1031.05,1039.35,1048.70,37209,106.2045876
2022-12-01,1041.00,1058.95,1037.10,1048.70,1035.50,37419,122.7250571
2022-11-30,1030.00,1042.90,1029.20,1035.50,1028.20,23535,76.1751086
2022-11-29,1040.00,1044.10,1025.00,1028.20,1038.85,17809,54.8206087
2022-11-28,1034.30,1043.30,1032.10,1038.85,1032.10,18876,61.3149759
2022-11-25,1027.05,1040.30,1024.60,1032.10,1023.80,21372,65.7484742
2022-11-24,1031.80,1036.75,1019.60,1023.80,1028.50,20503,67.8053470
2022-11-23,1042.90,1046.80,1024.20,1028.50,1039.20,19579,86.0251220
2022-11-22,1039.45,1042.90,1031.25,1039.20,1036.30,18184,57.0442759
2022-11-21,1015.75,1044.45,1009.05,1036.30,1015.75,43165,134.1062920
2022-11-18,1038.80,1042.00,997.00,1015.75,1036.20,50839,153.5189893
2022-11-17,1048.00,1051.55,1032.00,1036.20,1049.20,24603,67.0039462
2022-11-16,1053.00,1064.20,1038.05,1049.20,1057.20,27175,90.5081129
2022-11-15,1070.60,1074.25,1052.70,1057.20,1065.25,24209,76.2006277
2022-11-14,1072.85,1072.85,1056.60,1065.25,1067.50,24370,71.7066001
2022-11-11,1085.00,1090.90,1065.00,1067.50,1070.25,34994,97.0104466
2022-11-10,1113.00,1117.00,1066.10,1070.25,1111.95,73260,205.0507132
2022-11-09,1129.00,1136.00,1108.00,1111.95,1122.35,50915,142.5194672
2022-11-07,1125.00,1145.40,1121.00,1122.35,1123.35,36876,152.3525784
2022-11-04,1137.20,1140.05,1108.50,1123.35,1131.50,54057,153.7672504
2022-11-03,1132.00,1141.85,1125.20,1131.50,1132.75,35209,123.5129420
2022-11-02,1147.00,1158.00,1130.00,1132.75,1142.20,34001,140.6665271
2022-11-01,1138.50,1150.60,1133.55,1142.20,1132.80,47597,183.4734439
2022-10-31,1136.00,1149.00,1124.70,1132.80,1131.95,52325,219.3470229
2022-10-28,1181.10,1186.80,1125.10,1131.95,1188.15,166665,752.0253169
2022-10-27,1184.50,1199.90,1173.00,1188.15,1180.65,65700,238.8999074
2022-10-25,1160.05,1186.00,1151.00,1180.65,1156.75,45441,196.4664411
2022-10-24,1159.00,1160.00,1151.05,1156.75,1143.50,11497,24.8265375
2022-10-21,1161.90,1167.90,1137.05,1143.50,1158.15,30981,115.4219460
2022-10-20,1163.00,1163.75,1147.00,1158.15,1164.25,21194,83.8591355
2022-10-19,1170.00,1171.20,1155.80,1164.25,1166.45,31103,149.3647820
2022-10-18,1170.10,1180.00,1153.50,1166.45,1162.00,58636,213.7019400
2022-10-17,1143.95,1168.00,1130.00,1162.00,1143.70,47306,191.3750232
2022-10-14,1175.00,1177.30,1140.75,1143.70,1151.85,41396,145.2833752
2022-10-13,1165.00,1170.70,1138.30,1151.85,1162.95,42801,170.2755013
2022-10-12,1170.20,1173.00,1146.50,1162.95,1164.35,47924,247.8823410
2022-10-11,1207.00,1214.90,1159.65,1164.35,1199.65,74849,341.7572438
2022-10-10,1169.85,1214.00,1160.80,1199.65,1181.80,139810,623.7134381
2022-10-07,1144.00,1189.50,1140.00,1181.80,1147.85,1170943,557.3344151
2022-10-06,1148.95,1154.35,1138.15,1147.85,1140.95,53704,237.5983529
2022-10-04,1111.00,1149.65,1106.80,1140.95,1093.70,68816,363.7727720
2022-10-03,1098.00,1131.90,1082.40,1093.70,1104.75,74650,340.4050770
2022-09-30,1088.00,1109.95,1048.55,1104.75,1093.00,69045,318.9552504
2022-09-29,1076.00,1125.00,1071.15,1093.00,1047.95,1300578,635.7402887
2022-09-28,1053.00,1066.65,1042.20,1047.95,1067.20,37181,110.1962192
2022-09-27,1067.20,1077.05,1035.00,1067.20,1063.35,75312,216.8158090
2022-09-26,1121.00,1127.50,1031.65,1063.35,1134.40,136399,496.4066146
2022-09-23,1154.90,1161.45,1126.60,1134.40,1150.05,70556,272.1580914
2022-09-22,1092.50,1157.00,1090.55,1150.05,1097.30,82468,368.6833191
2022-09-21,1109.00,1119.90,1090.20,1097.30,1113.65,28136,94.8740343
2022-09-20,1111.00,1134.20,1110.10,1113.65,1102.75,32537,120.4323930
2022-09-19,1108.00,1118.00,1090.00,1102.75,1105.75,40376,132.5083975
2022-09-16,1168.00,1169.75,1090.95,1105.75,1170.30,72197,279.7027814
2022-09-15,1161.70,1176.65,1136.25,1170.30,1155.90,42458,178.9256287
2022-09-14,1148.00,1168.95,1140.80,1155.90,1160.70,33552,166.4767642
2022-09-13,1173.95,1194.00,1158.35,1160.70,1159.75,1050129,529.7856291
2022-09-12,1119.80,1163.20,1115.55,1159.75,1113.05,77116,389.5657740
2022-09-09,1125.00,1127.45,1108.80,1113.05,1116.90,17949,78.3872085
2022-09-08,1133.00,1135.10,1111.20,1116.90,1125.15,21337,97.3613033
2022-09-07,1120.95,1134.10,1110.45,1125.15,1120.00,22095,104.2268541
2022-09-06,1126.80,1132.95,1111.05,1120.00,1119.15,25840,123.7940559
2022-09-05,1120.00,1137.80,1114.80,1119.15,1119.80,26274,120.1739344
2022-09-02,1146.00,1161.65,1115.85,1119.80,1139.10,51357,296.3145208
2022-09-01,1123.00,1144.45,1120.05,1139.10,1129.55,37438,158.3023370
2022-08-30,1148.95,1149.70,1123.35,1129.55,1132.40,42849,191.6287406
2022-08-29,1051.00,1137.00,1051.00,1132.40,1110.60,56302,274.9890697
2022-08-26,1110.30,1137.40,1104.20,1110.60,1099.80,49506,273.1918595
2022-08-25,1104.80,1112.85,1095.40,1099.80,1095.15,34959,124.3528892
2022-08-24,1108.20,1122.25,1082.70,1095.15,1101.25,57148,247.7832348
2022-08-23,1079.00,1106.80,1063.10,1101.25,1087.50,71496,341.7772990
2022-08-22,1119.00,1119.00,1079.20,1087.50,1124.15,67968,312.1180245
2022-08-19,1127.60,1182.20,1120.10,1124.15,1118.25,189772,1025.2634593
2022-08-18,1103.00,1122.25,1091.00,1118.25,1107.10,46184,226.4488061
2022-08-17,1130.00,1140.00,1100.00,1107.10,1122.50,37788,163.6761769
2022-08-16,1126.50,1138.00,1104.50,1122.50,1118.90,65356,288.2948077
2022-08-12,1070.00,1160.00,1068.10,1118.90,1075.60,230311,1207.7419069
2022-08-11,1080.00,1093.65,1066.60,1075.60,1074.15,65738,300.4959964
2022-08-10,1015.00,1086.55,1010.10,1074.15,957.00,286997,1637.6884533
2022-08-08,949.00,962.40,942.75,957.00,948.50,26851,108.8401588
2022-08-05,955.25,957.35,942.00,948.50,950.80,16732,71.5192798
2022-08-04,939.00,962.00,936.30,950.80,937.95,41376,160.0119028
2022-08-03,946.30,947.60,929.10,937.95,942.95,23051,65.8390368
2022-08-02,944.05,949.00,934.15,942.95,944.05,24283,89.5468908
2022-08-01,911.00,947.00,910.00,944.05,909.90,34745,134.9029853
2022-07-29,901.00,913.00,896.35,909.90,890.00,26911,106.8309813
2022-07-28,885.00,893.90,876.45,890.00,878.60,14699,50.4066887
2022-07-27,869.20,880.80,863.75,878.60,871.65,19929,65.1916752
2022-07-26,893.95,893.95,869.20,871.65,892.70,22951,69.5223910
2022-07-25,871.00,896.00,867.90,892.70,870.75,26043,85.7523756
2022-07-22,880.00,883.00,868.00,870.75,876.70,22422,49.9908604
2022-07-21,866.40,879.60,862.00,876.70,862.60,26398,65.9913120
2022-07-20,865.00,870.70,858.00,862.60,857.70,15014,50.0862462
2022-07-19,857.80,863.90,853.00,857.70,858.80,16383,51.1490191
2022-07-18,862.00,863.25,856.00,858.80,854.50,13267,46.1168538
2022-07-15,842.00,856.75,841.00,854.50,841.15,33871,90.2650342
2022-07-14,837.95,848.00,835.00,841.15,837.85,24865,80.0074043
2022-07-13,840.00,844.30,832.60,837.85,835.05,16697,60.7882892
2022-07-12,839.70,844.70,831.20,835.05,843.10,19438,54.1760440
2022-07-11,835.00,844.45,828.15,843.10,836.45,29567,90.3500758
2022-07-08,827.00,839.00,822.25,836.45,819.65,45463,163.1736047
2022-07-07,811.00,824.00,796.85,819.65,813.15,48764,161.3764547
2022-07-06,804.50,814.50,801.90,813.15,803.40,21550,54.7589690
2022-07-05,810.75,814.90,801.00,803.40,803.35,21814,56.8199523
2022-07-04,800.90,805.70,788.25,803.35,795.35,15663,39.3900730
2022-07-01,791.00,804.90,773.35,795.35,793.35,25737,60.5763735
2022-06-30,805.80,812.10,790.00,793.35,806.75,19684,61.8801651
2022-06-29,808.00,811.00,803.70,806.75,814.95,13397,37.7937104
2022-06-28,813.00,817.95,803.00,814.95,813.65,17169,53.0300869
2022-06-27,834.50,834.50,810.60,813.65,808.00,40705,131.5522531
2022-06-24,804.00,810.50,797.35,808.00,792.65,23362,68.2191323
2022-06-23,800.00,807.55,782.05,792.65,794.30,30539,75.6951963
2022-06-22,821.00,821.00,791.30,794.30,821.40,39579,127.6313386
2022-06-21,805.00,826.00,792.55,821.40,793.20,50186,124.5299575
2022-06-20,845.00,848.50,781.05,793.20,838.05,57198,130.6367751
2022-06-17,849.95,855.00,834.90,838.05,853.75,27285,77.6460091
2022-06-16,880.00,889.50,851.00,853.75,872.75,41706,117.1338977
2022-06-15,901.35,909.85,868.10,872.75,908.45,53788,191.0110155
2022-06-14,905.00,927.00,901.35,908.45,906.40,20172,56.2469787
2022-06-13,938.80,938.80,900.00,906.40,944.35,28329,77.1833903
2022-06-10,934.00,948.10,930.60,944.35,941.65,13687,46.0326308
2022-06-09,933.70,943.70,927.15,941.65,936.60,16727,51.7078920
2022-06-08,943.95,953.50,932.00,936.60,941.20,19081,71.6700937
2022-06-07,944.85,948.00,933.55,941.20,946.60,32368,75.9759191
2022-06-06,935.70,948.25,924.20,946.60,935.70,25370,100.0608280
2022-06-03,956.05,956.70,933.05,935.70,950.15,20531,81.5713994
2022-06-02,948.70,957.35,945.00,950.15,945.30,28102,119.6675395
2022-06-01,952.40,958.60,938.15,945.30,948.50,24916,96.4306645
2022-05-31,954.00,955.00,942.35,948.50,949.95,22676,156.1516759
2022-05-30,949.45,959.00,942.55,949.95,934.25,18494,104.5645303
2022-05-27,939.90,959.90,925.80,934.25,932.25,29389,156.9151403
2022-05-26,928.00,939.80,888.95,932.25,920.60,48787,159.9948319
2022-05-25,970.00,974.05,918.15,920.60,964.35,27365,97.6190882
2022-05-24,975.00,982.00,960.20,964.35,970.20,29231,116.7097865
2022-05-23,995.00,995.90,967.10,970.20,989.15,23560,79.5625895
2022-05-20,968.95,994.50,964.30,989.15,952.10,29965,143.5524155
2022-05-19,955.10,969.30,944.30,952.10,980.35,31915,78.4335302
2022-05-18,974.00,987.65,964.55,980.35,971.80,27581,130.6632339
2022-05-17,927.70,974.05,925.55,971.80,921.60,34773,156.0101279
2022-05-16,925.00,932.55,912.05,921.60,919.25,27440,93.2629187
2022-05-13,946.00,958.00,914.25,919.25,935.40,40473,138.6901812
2022-05-12,974.50,980.00,926.90,935.40,988.35,41732,123.4692237
2022-05-11,969.20,994.25,950.10,988.35,967.35,56851,224.3231670
2022-05-10,1003.00,1019.95,958.40,967.35,1007.10,48422,147.5752742
2022-05-09,1020.00,1025.00,998.75,1007.10,1032.50,39957,151.4045694
2022-05-06,1038.80,1048.95,1027.55,1032.50,1046.30,49478,182.3994536
2022-05-05,1041.00,1069.95,1038.00,1046.30,1034.55,91981,354.7286837
2022-05-04,1040.45,1054.20,1026.05,1034.55,1033.00,1100136,453.0447311
2022-05-02,970.00,1048.00,970.00,1033.00,940.15,271342,1392.7947457
2022-04-29,962.30,972.65,935.80,940.15,959.35,27345,112.9683500
2022-04-28,970.00,970.55,948.70,959.35,961.85,12646,53.7166736
2022-04-27,949.60,967.50,943.95,961.85,962.25,21055,57.4608256
2022-04-26,949.00,965.00,945.20,962.25,936.45,21410,67.4840267
2022-04-25,960.00,965.00,930.50,936.45,973.20,33991,98.7524306
2022-04-22,980.00,989.00,969.60,973.20,983.05,21759,79.8513238
2022-04-21,975.00,987.70,973.00,983.05,970.35,16512,47.7116997
2022-04-20,978.00,985.75,960.00,970.35,968.55,18286,73.8390147
2022-04-19,992.10,1009.10,952.00,968.55,988.05,29186,114.0438916
2022-04-18,967.00,990.65,952.30,988.05,976.95,25533,78.6667346
2022-04-13,979.55,990.00,972.40,976.95,974.65,24609,78.4726930
2022-04-12,1005.10,1006.00,962.00,974.65,1006.65,39330,115.0040115
2022-04-11,997.90,1021.80,996.20,1006.65,999.60,32082,119.1938451
2022-04-08,982.00,1005.00,982.00,999.60,981.00,15796,67.3097250
2022-04-07,1001.50,1010.00,978.00,981.00,1000.55,26575,68.6817362
2022-04-06,1000.00,1017.55,996.05,1000.55,1003.75,26716,121.4674927
2022-04-05,1007.80,1014.95,999.05,1003.75,1001.95,32201,108.9705203
2022-04-04,994.65,1009.15,982.30,1001.95,987.20,32050,125.5763601
2022-04-01,975.00,994.75,974.05,987.20,974.35,25992,113.9307303
2022-03-31,983.30,989.80,971.00,974.35,983.90,18423,74.7425643
2022-03-30,996.85,997.10,980.00,983.90,987.50,28087,101.3482726
2022-03-29,958.70,989.70,957.95,987.50,956.65,44087,159.4719078
2022-03-28,980.40,980.40,951.55,956.65,975.10,26606,133.2879725
2022-03-25,974.70,985.50,967.25,975.10,972.70,35175,138.9653298
2022-03-24,958.50,974.90,951.15,972.70,962.00,42226,177.1142723
2022-03-23,958.00,968.75,946.25,962.00,954.70,29529,140.7578165
2022-03-22,939.00,960.00,926.10,954.70,939.25,24579,111.4523461
2022-03-21,940.00,954.85,936.85,939.25,939.50,26026,95.9193139
2022-03-17,945.95,948.35,932.15,939.50,938.05,19897,78.4134313
2022-03-16,927.00,944.85,927.00,938.05,920.65,19753,81.7576613
2022-03-15,934.55,940.70,914.05,920.65,931.85,21523,89.2583992
2022-03-14,930.55,938.50,917.45,931.85,927.25,31625,142.0372978
2022-03-11,908.85,929.80,904.05,927.25,909.60,27994,119.2481501
2022-03-10,911.00,925.65,894.90,909.60,890.90,52074,196.3823817
2022-03-09,876.80,895.00,872.20,890.90,869.90,27715,88.1190012
2022-03-08,848.05,876.30,841.05,869.90,848.75,30887,120.5495501
2022-03-07,844.00,857.10,831.10,848.75,861.55,28775,102.2837873
2022-03-04,885.55,888.65,858.50,861.55,889.55,42601,144.4787081
2022-03-03,865.40,898.75,865.00,889.55,855.85,80281,250.7947295
2022-03-02,832.85,859.25,828.05,855.85,841.25,46287,140.1324867
2022-02-28,824.00,846.40,814.45,841.25,826.40,38459,99.6631123
2022-02-25,802.00,837.45,797.00,826.40,785.60,48895,162.2290679
2022-02-24,844.30,846.75,781.00,785.60,864.10,100375,229.7002165
2022-02-23,873.20,882.20,862.10,864.10,868.50,25676,61.4824978
2022-02-22,850.00,874.00,850.00,868.50,876.90,35915,94.2732546
2022-02-21,886.80,890.50,872.00,876.90,886.90,34807,98.4853393
2022-02-18,892.00,902.85,883.60,886.90,896.85,23492,65.2880759
2022-02-17,906.00,916.90,894.00,896.85,904.95,31872,102.7657993
2022-02-16,921.90,921.90,898.75,904.95,912.70,44437,130.5246841
2022-02-15,893.00,915.70,870.00,912.70,885.80,67878,170.1369297
2022-02-14,895.00,910.00,882.65,885.80,914.70,70781,157.2578162
2022-02-11,964.00,968.90,911.55,914.70,959.80,84388,320.9110037
2022-02-10,971.80,975.00,956.00,959.80,967.55,33266,135.0302947
2022-02-09,934.20,973.00,933.80,967.55,927.90,27501,99.3263420
2022-02-08,957.00,959.60,916.00,927.90,953.20,30976,98.7035423
2022-02-07,960.00,967.75,946.50,953.20,957.70,24057,62.9401572
2022-02-04,970.00,972.00,950.60,957.70,965.35,22690,90.1911281
2022-02-03,965.00,981.00,961.50,965.35,966.75,46630,153.4665150
2022-02-02,960.00,974.80,956.25,966.75,953.25,29394,97.2291846
2022-02-01,937.00,956.70,925.55,953.25,933.75,38106,120.0870202
2022-01-31,957.90,957.90,931.90,933.75,944.05,52169,144.5761055
2022-01-28,919.00,956.60,919.00,944.05,910.90,59778,210.8036578
2022-01-27,910.00,915.60,892.05,910.90,919.25,32540,90.6877086
2022-01-25,903.00,922.45,888.50,919.25,912.15,42851,98.7328936
2022-01-24,961.00,962.00,903.35,912.15,965.00,54169,147.4906577
2022-01-21,993.90,997.10,960.00,965.00,998.05,37230,115.4972841
2022-01-20,1005.00,1016.80,993.00,998.05,1011.65,31180,97.9407814
2022-01-19,1005.00,1020.00,985.35,1011.65,1005.95,43884,151.0685230
2022-01-18,1029.90,1041.95,1000.15,1005.95,1029.25,37056,124.2481441
2022-01-17,1027.00,1034.65,996.75,1029.25,1028.75,94322,282.1314543
2022-01-14,1008.50,1050.30,1002.55,1028.75,1014.05,88727,358.5178935
2022-01-13,993.00,1019.35,985.65,1014.05,993.00,67690,273.6033346
2022-01-12,980.95,1001.85,975.30,993.00,972.20,96936,357.8116288
2022-01-11,935.20,981.65,933.95,972.20,939.25,1160790,487.8624229
2022-01-10,934.00,943.75,925.30,939.25,927.20,41303,140.8006003
2022-01-07,908.00,929.35,906.20,927.20,904.15,34284,118.2185728
2022-01-06,909.55,916.30,902.55,904.15,915.20,15727,63.1834979
2022-01-05,907.80,918.00,901.50,915.20,909.10,20742,68.1602029
2022-01-04,918.70,919.90,900.00,909.10,914.15,21627,63.9369852
2022-01-03,897.00,917.35,895.35,914.15,894.20,24396,72.5519334
2021-12-31,880.00,897.65,880.00,894.20,883.95,17271,52.0794982
2021-12-30,905.00,905.65,882.30,883.95,901.00,24356,73.4945530
2021-12-29,912.10,914.40,898.05,901.00,907.65,29353,93.7855861
2021-12-28,888.00,909.70,885.20,907.65,879.90,49475,150.7382655
2021-12-27,871.70,883.55,860.35,879.90,872.20,16243,44.3640669
2021-12-24,889.95,892.00,868.20,872.20,886.10,18552,56.4796377
2021-12-23,889.80,894.50,882.90,886.10,882.45,18450,56.8689109
2021-12-22,860.00,884.65,858.65,882.45,856.45,29835,83.7385944
2021-12-21,848.00,865.15,847.30,856.45,842.35,26764,71.6067635
2021-12-20,876.00,876.90,824.15,842.35,883.60,57128,138.9716637
2021-12-17,906.90,909.40,878.65,883.60,906.90,35846,112.4086019
2021-12-16,927.60,929.15,902.10,906.90,921.80,27613,67.3777517
2021-12-15,933.00,942.90,919.55,921.80,933.35,16294,59.2641449
2021-12-14,930.40,940.50,925.00,933.35,935.90,16739,66.6726069
2021-12-13,949.90,949.90,933.10,935.90,940.15,25778,68.8488590
2021-12-10,935.85,952.00,931.65,940.15,935.85,50251,217.7227815
2021-12-09,928.00,940.50,918.00,935.85,923.90,33587,138.3653630
2021-12-08,915.00,926.65,912.70,923.90,909.45,20585,70.9030820
2021-12-07,901.50,914.10,900.00,909.45,896.20,24472,97.2484032
2021-12-06,914.80,921.00,893.20,896.20,910.00,38429,136.0998971
2021-12-03,904.00,931.15,903.25,910.00,900.00,58091,235.3198108
2021-12-02,887.90,905.00,878.00,900.00,883.90,39589,110.6139819
2021-12-01,880.90,887.80,870.00,883.90,872.25,33779,87.2812680
2021-11-30,873.00,892.50,868.65,872.25,868.65,40746,155.8018685
2021-11-29,853.00,887.65,828.80,868.65,853.70,81512,271.8419143
2021-11-26,896.00,903.50,844.50,853.70,900.60,68829,183.1480970
2021-11-25,903.40,911.75,891.85,900.60,900.40,30646,111.5292310
2021-11-24,918.70,923.80,897.00,900.40,912.30,45888,141.5682189
2021-11-23,888.85,914.70,880.25,912.30,892.00,40097,152.0034308
2021-11-22,927.00,931.05,880.00,892.00,925.35,55868,143.2902729
2021-11-18,944.70,946.75,915.70,925.35,940.65,39392,134.3957462
2021-11-17,933.00,946.80,930.05,940.65,934.75,22060,107.3521556
2021-11-16,940.00,955.95,931.00,934.75,937.50,47328,185.7763524
2021-11-15,942.00,948.00,935.00,937.50,935.85,23523,67.9634872
2021-11-12,930.00,946.40,927.70,935.85,925.35,33364,111.9011002
2021-11-11,935.00,946.50,919.00,925.35,935.10,30717,107.4291564
2021-11-10,944.95,944.95,933.15,935.10,947.90,33655,97.3799775
2021-11-09,928.50,954.85,926.15,947.90,925.85,60908,296.5882732
2021-11-08,910.00,927.55,894.40,925.85,904.20,48384,192.1328416
2021-11-04,903.40,906.00,900.00,904.20,896.10,15497,23.5459702
2021-11-03,911.90,915.60,887.15,896.10,910.65,44944,140.3763541
2021-11-02,909.65,919.10,906.90,910.65,905.10,45564,140.9893528
2021-11-01,911.00,915.50,901.25,905.10,901.35,41550,170.4089232
2021-10-29,895.00,930.00,876.50,901.35,891.35,1110428,391.6041901
2021-10-28,960.00,960.00,884.00,891.35,997.40,277821,879.6605153
2021-10-27,1015.40,1018.50,994.05,997.40,1006.60,43838,201.5083708
2021-10-26,982.70,1013.95,982.60,1006.60,980.60,72898,317.4668684
2021-10-25,992.00,1001.00,953.10,980.60,987.70,64438,217.2066729
2021-10-22,1007.00,1027.30,984.30,987.70,1003.80,72781,271.1244180
2021-10-21,1037.00,1044.20,995.10,1003.80,1033.85,65061,321.5350011
2021-10-20,1080.80,1085.85,1009.05,1033.85,1079.90,144078,514.3251070
2021-10-19,1102.60,1121.20,1067.00,1079.90,1094.40,93776,478.6381152
2021-10-18,1094.00,1158.00,1085.65,1094.40,1084.05,169816,765.7535914
2021-10-14,1142.00,1142.00,1078.20,1084.05,1107.10,1160488,505.1523190
2021-10-13,980.30,1144.30,980.30,1107.10,970.80,445949,2300.3228623
2021-10-12,970.80,975.95,946.90,970.80,968.30,40181,180.1473195
2021-10-11,970.00,987.40,966.00,968.30,965.65,41845,169.2191144
2021-10-08,965.00,978.30,954.55,965.65,959.05,55889,254.1256282
2021-10-07,978.95,978.95,952.00,959.05,962.55,55095,274.3661033
2021-10-06,933.00,980.85,933.00,962.55,930.95,152707,824.5109911
2021-10-05,940.00,952.00,927.25,930.95,935.75,83032,413.6029397
2021-10-04,917.00,940.00,908.65,935.75,910.90,52971,247.2580736
2021-10-01,916.70,928.45,907.20,910.90,919.30,34750,146.2526540
2021-09-30,940.85,945.50,915.40,919.30,933.10,75208,355.3850049
2021-09-29,905.00,937.60,895.20,933.10,906.40,71012,342.2168932
2021-09-28,919.75,926.70,900.80,906.40,914.75,66935,269.8191026
2021-09-27,900.00,928.70,895.00,914.75,884.95,155953,715.2842590
2021-09-24,851.90,901.70,851.25,884.95,847.15,2080373,982.8523735
2021-09-23,832.75,856.00,827.55,847.15,825.30,56552,306.1598205
2021-09-22,805.30,828.70,802.25,825.30,801.95,50678,271.6068929
2021-09-21,799.80,809.85,780.05,801.95,799.75,66329,225.5416706
2021-09-20,840.00,840.00,795.50,799.75,844.50,65189,218.9778458
2021-09-17,868.80,869.85,840.30,844.50,865.40,45247,172.8788727
2021-09-16,865.10,879.75,863.55,865.40,858.80,97926,426.9035040
2021-09-15,836.00,862.00,835.90,858.80,835.75,66168,288.0864585
2021-09-14,839.00,842.80,830.90,835.75,837.30,16749,68.6085552
2021-09-13,829.00,842.70,827.15,837.30,829.25,33291,137.2253406
2021-09-09,834.80,834.80,821.30,829.25,832.30,18534,68.8418488
2021-09-08,825.00,835.50,813.25,832.30,823.05,35264,142.6200888
2021-09-07,842.00,844.00,820.15,823.05,839.20,33119,112.6441649
2021-09-06,843.00,846.40,836.25,839.20,841.00,17283,72.6482472
2021-09-03,850.00,853.90,835.00,841.00,846.50,26999,129.2026945
2021-09-02,843.65,853.25,841.05,846.50,840.70,26260,125.8403311
2021-09-01,848.75,853.90,834.00,840.70,844.65,37181,147.5929227
2021-08-31,837.90,860.80,836.65,844.65,834.40,91426,385.7058379
2021-08-30,833.65,840.00,832.00,834.40,829.00,30617,129.6825740
2021-08-27,830.50,842.35,825.90,829.00,826.60,48738,239.1392493
2021-08-26,818.10,834.45,818.10,826.60,822.10,39363,189.7845982
2021-08-25,833.50,836.00,820.00,822.10,829.85,28530,107.5861600
2021-08-24,826.00,837.90,821.20,829.85,822.25,34282,145.7395402
2021-08-23,845.00,853.00,814.50,822.25,839.35,46552,168.1272398
2021-08-20,854.00,865.00,831.05,839.35,859.55,47308,155.9951399
2021-08-18,870.00,873.00,855.05,859.55,865.35,44138,154.6797024
2021-08-17,874.40,886.90,858.55,865.35,871.55,55278,246.5080416
2021-08-16,880.70,891.90,866.00,871.55,879.00,50030,228.5825593
2021-08-13,880.35,887.80,876.00,879.00,875.85,56897,257.1593507
2021-08-12,863.90,886.40,860.15,875.85,859.85,1020649,520.7499320
2021-08-11,847.45,862.70,836.00,859.85,843.65,1100939,414.4714507
2021-08-10,847.95,866.00,830.60,843.65,846.30,145292,690.3375545
2021-08-09,828.75,857.80,812.65,846.30,823.65,200953,954.9420684
2021-08-06,807.85,844.00,802.70,823.65,769.30,363806,1968.8197196
2021-08-05,767.55,775.00,754.00,769.30,763.45,29605,111.8944420
2021-08-04,775.00,779.70,760.30,763.45,772.25,20303,70.4946977
2021-08-03,776.15,781.25,769.65,772.25,774.65,21265,77.4298861
2021-08-02,771.00,780.95,766.55,774.65,763.15,31621,127.3285757
2021-07-30,752.40,770.75,751.15,763.15,751.70,43271,172.3308372
2021-07-29,738.00,754.50,737.70,751.70,738.75,33620,120.8133648
2021-07-28,748.60,748.60,729.65,738.75,743.60,32998,127.7515993
2021-07-27,760.00,763.80,739.05,743.60,758.30,32232,88.6991083
2021-07-26,750.00,766.40,743.00,758.30,755.05,33415,105.4607629
2021-07-23,769.00,769.00,752.00,755.05,762.70,23776,74.0890526
2021-07-22,765.70,767.85,757.40,762.70,759.65,24362,86.7709823
2021-07-20,778.50,784.65,755.00,759.65,779.65,47941,169.4471596
2021-07-19,778.00,795.50,769.05,779.65,781.00,51791,217.1231671
2021-07-16,779.95,785.85,773.10,781.00,777.80,32103,98.0784381
2021-07-15,781.00,781.50,773.10,777.80,777.30,20849,76.1028214
2021-07-14,785.10,792.45,775.70,777.30,782.95,39542,152.9466574
2021-07-13,783.95,785.10,772.30,782.95,778.90,39850,148.2056115
2021-07-12,767.50,791.30,766.50,778.90,764.90,82341,359.3899348
2021-07-09,763.00,776.60,759.05,764.90,764.30,38357,149.6391310
2021-07-08,775.25,779.50,755.80,764.30,770.00,41814,180.8524659
2021-07-07,763.75,771.95,756.05,770.00,759.95,36510,137.7002955
2021-07-06,773.25,780.40,754.35,759.95,773.45,46755,189.0103309
2021-07-05,774.95,781.00,761.40,773.45,767.70,1041994,433.0030615
2021-07-02,725.00,770.00,722.00,767.70,723.05,2070270,1007.6474163
2021-07-01,725.00,728.85,721.05,723.05,723.80,20053,57.7143774
2021-06-30,722.00,729.50,719.30,723.80,720.60,19676,91.9603114
2021-06-29,725.00,730.80,716.80,720.60,721.90,30092,110.2426882
2021-06-28,721.90,728.50,718.00,721.90,715.95,27643,117.5315215
2021-06-25,710.00,723.45,708.50,715.95,705.95,36844,136.1567294
2021-06-24,716.50,720.00,702.85,705.95,714.90,33617,101.8196809
2021-06-23,724.00,729.75,713.15,714.90,723.85,42636,130.4651855
2021-06-22,722.45,736.15,719.80,723.85,718.05,41969,164.0541995
2021-06-21,701.00,720.75,701.00,718.05,714.80,32731,113.9274655
2021-06-18,732.00,733.15,696.05,714.80,725.60,56803,205.2254051
2021-06-17,732.80,742.35,718.25,725.60,737.10,44789,129.6398481
2021-06-16,744.95,749.45,734.10,737.10,744.00,27691,107.0604157
2021-06-15,739.85,753.50,738.20,744.00,738.30,44528,181.7296312
2021-06-14,740.80,742.50,716.50,738.30,748.50,49869,184.9702522
2021-06-11,749.00,754.65,743.35,748.50,748.20,32083,128.6423993
2021-06-10,742.10,750.85,739.80,748.20,738.65,33043,140.2664305
2021-06-09,746.00,760.00,731.30,738.65,744.15,81737,331.6544373
2021-06-08,751.00,751.00,731.55,744.15,748.20,41602,168.8026449
2021-06-07,753.50,755.95,746.00,748.20,746.15,73572,283.7374228
2021-06-04,732.60,748.90,727.80,746.15,727.75,92952,402.9572160
2021-06-03,713.10,731.50,713.10,727.75,711.85,100638,409.2953860
2021-06-02,705.95,713.65,704.90,711.85,706.40,26100,96.0756216
2021-06-01,705.00,716.50,702.20,706.40,703.85,41733,157.1004264
2021-05-31,710.95,713.55,701.05,703.85,708.55,43116,175.6013522
2021-05-28,693.05,716.50,693.05,708.55,691.75,69700,305.9166816
2021-05-27,703.60,703.75,690.30,691.75,699.80,54392,169.4203349
2021-05-26,704.00,705.15,697.00,699.80,703.45,62876,145.4691276
2021-05-25,712.40,713.75,698.10,703.45,707.25,43509,154.1819035
2021-05-24,710.00,720.80,699.90,707.25,707.85,46618,203.3648686
2021-05-21,710.00,715.95,706.35,707.85,706.95,35148,139.4504158
2021-05-20,715.30,719.30,705.35,706.95,712.40,40399,158.2097083
2021-05-19,714.90,723.90,709.70,712.40,714.05,51687,189.1017381
2021-05-18,710.00,721.55,708.30,714.05,704.05,60779,228.7807272
2021-05-17,705.45,713.25,690.35,704.05,702.35,67076,252.0712750
2021-05-14,729.70,733.45,698.35,702.35,722.35,1040846,412.5423970
2021-05-12,701.70,735.10,694.60,722.35,696.70,175859,784.4534529
2021-05-11,682.00,709.40,677.10,696.70,683.80,1311998,549.3366005
2021-05-10,685.00,689.80,681.05,683.80,679.35,49844,180.1731155
2021-05-07,680.00,692.40,677.05,679.35,676.50,86994,310.0411838
2021-05-06,700.00,703.95,670.55,676.50,698.65,167720,635.3129960
2021-05-05,708.00,715.00,694.50,698.65,708.55,2200936,942.7622357
2021-05-04,750.00,757.80,704.85,708.55,783.15,384502,1688.6995254
2021-05-03,792.00,793.75,770.00,783.15,792.45,1020835,528.1519512
2021-04-30,758.25,797.00,750.35,792.45,763.25,132920,719.4775205
2021-04-29,769.90,777.00,760.55,763.25,764.65,44021,274.9414677
2021-04-28,767.00,777.25,760.10,764.65,759.70,77109,398.7782031
2021-04-27,739.10,765.00,733.50,759.70,733.65,82060,468.7583339
2021-04-26,731.00,742.00,728.00,733.65,726.15,45197,207.0886643
2021-04-23,731.95,742.85,720.25,726.15,734.45,54955,260.8933075
2021-04-22,712.00,738.15,711.00,734.45,724.60,64440,311.1320351
2021-04-20,744.00,748.95,718.75,724.60,732.20,52491,262.7079473
2021-04-19,731.00,740.00,718.20,732.20,753.10,66959,301.1814326
2021-04-16,752.70,773.25,745.70,753.10,748.95,74864,384.2327583
2021-04-15,745.00,759.95,731.00,748.95,759.15,78472,332.6556779
2021-04-13,750.45,767.45,739.30,759.15,750.30,76267,413.6770985
2021-04-12,790.00,790.00,744.65,750.30,805.25,1111968,467.2523191
2021-04-09,821.50,827.95,800.10,805.25,819.45,68107,351.1438629
2021-04-08,817.00,833.95,813.25,819.45,812.00,84363,404.5172137
2021-04-07,815.25,824.80,805.25,812.00,809.10,1180258,596.2762815
2021-04-06,772.00,815.00,760.40,809.10,761.75,180620,1018.2345653
2021-04-05,779.90,788.00,748.50,761.75,779.10,96710,401.7382543
2021-04-01,758.80,791.70,755.10,779.10,751.80,100604,566.6893774
2021-03-31,746.00,765.00,743.85,751.80,752.25,49935,269.2403312
2021-03-30,749.35,761.75,743.05,752.25,744.15,53003,313.5565319
2021-03-26,740.50,757.45,735.00,744.15,731.05,74740,404.8546608
2021-03-25,742.00,743.95,712.00,731.05,737.65,1022013,516.0738176
2021-03-24,759.00,769.80,734.30,737.65,766.15,64724,289.3589344
2021-03-23,766.95,774.00,756.25,766.15,763.75,64003,335.4757811
2021-03-22,752.00,771.00,743.40,763.75,752.05,1300700,703.9261102
2021-03-19,709.30,759.00,690.20,752.05,715.15,169584,1323.4266185
2021-03-18,743.00,752.90,705.25,715.15,733.05,1260159,636.0293075
2021-03-17,777.00,777.00,729.35,733.05,777.20,97930,434.7410184
2021-03-16,786.90,786.90,770.60,777.20,782.25,63793,320.2021724
2021-03-15,790.00,794.40,765.30,782.25,783.85,84573,441.4856918
2021-03-12,774.00,795.00,770.00,783.85,767.00,144179,700.0678242
2021-03-10,769.50,774.20,763.00,767.00,762.80,49006,220.1930149
2021-03-09,775.00,775.90,751.50,762.80,768.50,67343,303.1007795
2021-03-08,761.00,777.00,753.05,768.50,748.55,1060873,546.8074860
2021-03-05,774.80,779.35,738.00,748.55,772.30,1081990,530.9510629
2021-03-04,764.90,792.05,759.75,772.30,776.45,154123,787.4702912
2021-03-03,738.00,782.00,735.45,776.45,733.65,184133,977.3520364
2021-03-02,745.00,746.00,723.10,733.65,743.45,1290161,570.7345355
2021-03-01,750.00,755.00,731.75,743.45,739.50,138627,647.1117064
2021-02-26,730.00,757.50,712.50,739.50,732.60,376166,2024.4067316
2021-02-25,680.00,738.00,675.75,732.60,672.30,3130859,1782.0333782
2021-02-24,659.00,677.00,648.50,672.30,654.00,82684,422.5624406
2021-02-23,643.90,659.50,637.20,654.00,637.15,172511,883.3732717
2021-02-22,626.00,643.00,616.00,637.15,618.60,2130420,1010.3748125
2021-02-19,590.90,628.65,586.00,618.60,591.10,269694,1373.9376419
2021-02-18,586.00,599.35,582.20,591.10,580.35,1070881,462.3080544
2021-02-17,584.00,594.50,575.55,580.35,583.70,81222,353.0604193
2021-02-16,572.00,589.90,568.85,583.70,568.65,1221940,527.7881080
2021-02-15,565.00,584.00,555.70,568.65,560.95,92295,349.4033278
2021-02-12,566.00,569.40,554.25,560.95,563.10,37944,168.1687009
2021-02-11,561.00,581.00,558.10,563.10,561.05,97626,432.3854889
2021-02-10,577.70,577.80,552.60,561.05,571.95,1040606,439.0101673
2021-02-09,538.50,586.75,534.55,571.95,535.75,233832,1089.5795324
2021-02-08,529.80,540.00,525.95,535.75,525.00,42108,148.9602123
2021-02-05,532.00,534.60,519.00,525.00,529.70,33789,136.4464797
2021-02-04,517.60,535.00,513.00,529.70,517.60,46485,231.5301468
2021-02-03,522.95,528.00,513.75,517.60,519.60,41588,185.6587289
2021-02-02,499.50,523.40,497.85,519.60,494.05,57863,250.2885472
2021-02-01,481.50,496.65,466.00,494.05,475.30,54309,210.9272607
2021-01-29,504.00,504.65,471.60,475.30,489.75,74070,272.9915792
2021-01-28,482.85,495.40,481.00,489.75,492.85,48799,188.8268131
2021-01-27,507.95,514.90,489.20,492.85,507.10,68024,272.9508379
2021-01-25,524.80,525.60,503.85,507.10,519.30,53710,211.8369021
2021-01-22,531.80,537.20,517.00,519.30,528.60,49017,189.1275798
2021-01-21,536.70,546.95,523.65,528.60,536.00,77547,341.4774060
2021-01-20,529.80,543.00,526.20,536.00,528.85,74986,326.8099549
2021-01-19,516.30,531.70,512.40,528.85,510.45,60698,286.0699982
2021-01-18,533.90,535.10,503.75,510.45,533.90,81311,289.5214392
2021-01-15,539.80,539.95,521.20,533.90,535.95,75115,358.0383872
2021-01-14,548.00,554.00,534.10,535.95,541.95,67944,310.7876217
2021-01-13,528.90,551.75,528.00,541.95,523.00,193066,901.6673027
2021-01-12,500.00,535.00,496.55,523.00,500.30,176683,834.6110084
2021-01-11,503.35,504.75,491.05,500.30,500.00,38819,138.5917662
2021-01-08,504.90,509.00,496.25,500.00,498.45,53851,208.7764373
2021-01-07,494.00,505.50,492.60,498.45,491.05,86537,329.8262373
2021-01-06,487.00,504.60,481.70,491.05,486.55,99730,375.9846651
2021-01-05,488.00,490.65,482.45,486.55,489.25,27601,83.9264748
2021-01-04,484.90,494.40,482.35,489.25,479.95,42525,156.6211260
2021-01-01,477.90,482.20,477.05,479.95,477.40,17461,72.0784305
2020-12-31,478.70,483.30,475.15,477.40,479.70,22839,87.7219007
2020-12-30,485.00,485.10,474.15,479.70,482.80,34406,135.9223229
2020-12-29,485.95,501.00,479.05,482.80,478.25,1151990,520.7676853
2020-12-28,479.00,483.20,474.05,478.25,476.20,29997,113.1627364
2020-12-24,478.55,485.40,473.10,476.20,474.05,43987,154.3841197
2020-12-23,476.00,480.65,471.30,474.05,475.80,40286,133.5238953
2020-12-22,452.60,478.20,441.30,475.80,460.80,86352,351.2363873
2020-12-21,489.90,490.95,440.90,460.80,489.85,84031,269.1560370
2020-12-18,493.90,498.95,487.40,489.85,493.80,33671,153.4606377
2020-12-17,496.80,505.95,491.50,493.80,498.20,32412,143.7555660
2020-12-16,504.70,505.70,494.25,498.20,503.65,47712,203.8381673
2020-12-15,510.20,511.00,501.20,503.65,509.50,35571,192.8760246
2020-12-14,510.00,513.45,506.20,509.50,508.15,33122,172.5093652
2020-12-11,511.55,514.00,504.30,508.15,511.10,44482,255.9067478
2020-12-10,511.95,514.00,502.25,511.10,510.65,53798,283.8591598
2020-12-09,514.50,516.20,507.05,510.65,510.45,65099,322.5798766
2020-12-08,514.45,521.80,501.50,510.45,509.05,149993,878.4060363
2020-12-07,505.25,527.00,498.10,509.05,490.90,3090115,1608.4800397
2020-12-04,459.95,495.50,450.30,490.90,455.40,2190484,1124.0303451
2020-12-03,440.00,464.85,435.35,455.40,427.35,2260682,1085.3422753
2020-12-02,408.55,430.00,404.00,427.35,404.95,1020977,514.6160556
2020-12-01,392.40,408.45,386.95,404.95,392.10,51757,205.6562073
2020-11-27,386.05,396.95,381.30,392.10,383.30,50662,238.4877971
2020-11-26,370.10,385.00,365.40,383.30,368.05,48937,183.3434895
2020-11-25,373.00,376.90,363.10,368.05,367.40,47656,155.9802705
2020-11-24,361.00,374.35,358.35,367.40,358.45,62486,195.7499966
2020-11-23,359.20,362.95,351.10,358.45,356.35,46815,106.0743168
2020-11-20,360.00,368.85,351.05,356.35,353.05,1050593,331.9081665
2020-11-19,327.95,359.50,325.00,353.05,327.40,134404,476.2688086
2020-11-18,322.90,332.70,321.10,327.40,322.10,26719,90.9039747
2020-11-17,324.00,326.70,318.10,322.10,324.35,20053,48.5175793
2020-11-14,329.70,329.75,322.05,324.35,324.50,5009,8.1275434
2020-11-13,326.55,328.70,322.55,324.50,325.25,14535,41.1955252
2020-11-12,319.65,327.00,318.30,325.25,318.05,20327,59.9615772
2020-11-11,316.00,320.45,312.50,318.05,314.65,16158,53.6316201
2020-11-10,318.70,320.00,313.65,314.65,317.70,12029,27.4897537
2020-11-09,318.00,320.45,313.95,317.70,317.60,10066,30.0923895
2020-11-06,313.50,320.00,311.50,317.60,313.25,11911,39.9721045
2020-11-05,308.60,314.65,307.00,313.25,306.00,11020,31.7489070
2020-11-04,311.60,312.20,303.00,306.00,310.15,14698,41.3148655
2020-11-03,315.50,315.70,305.65,310.15,313.50,17618,47.2002559
2020-11-02,319.95,324.00,311.45,313.50,322.35,19899,90.9285766
2020-10-30,313.05,325.85,312.60,322.35,326.05,38934,153.0679369
2020-10-29,319.00,331.45,318.50,326.05,322.50,38510,87.7636750
2020-10-28,323.15,325.25,318.60,322.50,323.15,13412,40.4634818
2020-10-27,320.00,325.60,317.75,323.15,320.15,19452,66.5576202
2020-10-26,321.30,322.95,317.50,320.15,321.90,12276,52.2175030
2020-10-23,323.80,325.50,320.95,321.90,323.95,9826,32.1905837
2020-10-22,321.50,326.00,317.50,323.95,321.45,27827,88.0557302
2020-10-21,322.50,323.65,318.00,321.45,321.15,14318,52.4347813
2020-10-20,315.05,323.55,314.75,321.15,318.20,24989,88.4776267
2020-10-19,322.00,326.00,316.80,318.20,319.65,26518,88.0460464
2020-10-16,315.80,321.00,314.80,319.65,318.45,25425,71.4528280
2020-10-15,319.00,323.50,312.35,318.45,318.05,51419,217.1888986
2020-10-14,309.00,319.40,309.00,318.05,307.45,1091944,337.7463569
2020-10-13,299.95,308.65,299.40,307.45,300.55,39849,106.8236029
2020-10-12,302.75,303.70,298.95,300.55,301.55,15569,29.2344193
2020-10-09,302.95,304.85,300.00,301.55,301.80,12530,29.4446767
2020-10-08,301.45,305.00,299.75,301.80,300.95,17351,37.2639184
2020-10-07,305.80,305.80,298.50,300.95,304.25,14175,35.3204436
2020-10-06,310.00,311.30,303.20,304.25,308.05,26741,62.1404802
2020-10-05,301.60,310.60,299.20,308.05,301.60,31573,79.1137723
2020-10-01,302.50,305.60,300.50,301.60,299.50,21986,47.9276994
2020-09-30,301.95,302.00,296.10,299.50,299.95,24780,84.2658194
2020-09-29,298.90,306.95,297.00,299.95,297.40,44998,117.1903311
2020-09-28,295.25,300.65,292.55,297.40,290.70,28450,61.7713214
2020-09-25,281.15,293.10,281.15,290.70,278.80,36665,84.9037137
2020-09-24,298.40,300.90,276.90,278.80,293.55,1130765,218.5241716
2020-09-23,282.50,300.75,276.10,293.55,279.45,43304,159.3468690
2020-09-22,287.40,290.35,273.45,279.45,286.70,29374,53.6059534
2020-09-21,291.70,295.00,285.10,286.70,290.30,58993,114.8849746
2020-09-18,300.10,303.00,288.40,290.30,298.65,44623,94.6679667
2020-09-17,300.65,302.30,295.40,298.65,301.70,21419,38.7111537
2020-09-16,306.15,307.15,296.20,301.70,306.10,33068,72.5638145
2020-09-15,304.25,312.90,304.25,306.10,303.80,46173,132.5889584
2020-09-14,294.85,307.65,294.15,303.80,293.05,50627,137.1925527
2020-09-11,289.20,294.80,287.80,293.05,288.80,20921,57.7393311
2020-09-10,289.00,293.40,285.00,288.80,287.35,25933,62.5304226
2020-09-09,287.00,289.45,281.70,287.35,289.30,29029,55.7382482
2020-09-08,300.00,300.00,287.15,289.30,296.90,60072,140.2059196
2020-09-07,303.50,307.00,294.85,296.90,303.30,33648,98.6596586
2020-09-04,306.00,308.40,302.10,303.30,312.85,47182,92.3346594
2020-09-03,314.00,317.90,310.25,312.85,311.50,30701,85.7930532
2020-09-02,310.55,316.00,307.20,311.50,310.10,25187,73.7389396
2020-09-01,313.15,317.05,297.75,310.10,312.50,58168,132.6218616
2020-08-31,333.00,333.00,308.75,312.50,327.90,38925,107.9309226
2020-08-28,332.50,336.40,326.55,327.90,329.25,38839,107.6111027
2020-08-27,335.00,336.55,328.25,329.25,334.50,32390,82.0551602
2020-08-26,337.20,339.65,330.20,334.50,333.85,45571,152.9240243
2020-08-25,334.00,345.90,329.20,333.85,324.10,1210617,458.5684386
2020-08-24,319.90,334.40,316.00,324.10,315.35,1100462,383.4599000
2020-08-21,321.35,321.35,314.25,315.35,317.30,36933,90.2979762
2020-08-20,314.50,321.90,314.05,317.30,311.05,89192,287.4217339
2020-08-19,298.20,314.00,296.40,311.05,296.10,65935,196.4117651
2020-08-18,294.50,297.35,293.35,296.10,292.10,18594,42.4308196
2020-08-17,298.50,298.65,291.50,292.10,295.00,18481,38.3023227
2020-08-14,298.00,300.50,293.20,295.00,296.00,14033,32.5121687
2020-08-13,299.50,300.90,295.70,296.00,295.90,14395,30.5560620
2020-08-12,295.00,297.45,292.55,295.90,297.05,16255,27.8080518
2020-08-11,302.20,302.60,295.80,297.05,301.15,19979,38.5383103
2020-08-10,303.30,305.00,299.10,301.15,300.85,21141,41.1871657
2020-08-07,297.05,304.50,296.15,300.85,296.15,23977,52.9105013
2020-08-06,298.00,298.95,294.40,296.15,296.95,22169,34.5072162
2020-08-05,297.90,300.75,295.50,296.95,296.70,12560,27.1227030
2020-08-04,298.05,302.95,296.00,296.70,298.05,12828,27.5852885
2020-08-03,301.00,301.75,293.25,298.05,305.70,27311,53.8292970
2020-07-31,311.25,311.25,303.65,305.70,310.05,17080,44.1142892
2020-07-30,315.00,315.00,307.75,310.05,312.40,22013,61.0372607
2020-07-29,300.85,314.80,299.65,312.40,299.65,38181,119.1757314
2020-07-28,298.20,302.50,298.20,299.65,298.30,19415,41.1649736
2020-07-27,301.00,305.20,297.10,298.30,301.55,18704,44.1403205
2020-07-24,306.00,310.35,300.75,301.55,307.25,17388,43.2633665
2020-07-23,304.00,308.90,301.75,307.25,303.80,19270,51.1661413
2020-07-22,302.00,306.50,301.50,303.80,301.55,14684,38.0369104
2020-07-21,309.50,309.50,300.85,301.55,306.30,19976,41.1423034
2020-07-20,303.00,307.10,300.70,306.30,299.90,20565,69.0896794
2020-07-17,298.50,303.25,298.20,299.90,298.45,12598,36.6494369
2020-07-16,295.00,299.95,289.25,298.45,296.15,28140,65.5791596
2020-07-15,306.70,307.80,295.10,296.15,305.65,29897,52.6313814
2020-07-14,298.00,307.00,295.00,305.65,298.35,31604,73.8922807
2020-07-13,301.70,303.50,297.60,298.35,299.60,26217,54.0583405
2020-07-10,307.00,307.00,299.00,299.60,307.10,61267,90.5887839
2020-07-09,313.00,316.00,306.20,307.10,312.50,36566,101.4641586
2020-07-08,319.95,319.95,311.25,312.50,311.70,69618,156.5019669
2020-07-07,312.25,321.00,309.55,311.70,309.90,70459,154.2668894
2020-07-06,312.00,313.65,308.80,309.90,308.50,16563,30.6897796
2020-07-03,311.50,313.25,306.95,308.50,309.30,10866,20.3100874
2020-07-02,309.45,312.50,308.00,309.30,308.35,12017,25.8066476
2020-07-01,314.00,314.00,307.40,308.35,310.05,16355,25.2429323
2020-06-30,314.20,315.50,309.00,310.05,312.05,6790,15.1426123
2020-06-29,315.00,316.55,309.05,312.05,315.20,10579,19.2880990
2020-06-26,319.50,322.90,314.15,315.20,317.30,15406,37.1954370
2020-06-25,312.95,318.20,309.90,317.30,313.25,13789,36.8093597
2020-06-24,315.90,319.20,311.95,313.25,311.80,18526,54.3694011
2020-06-23,313.00,315.95,311.10,311.80,310.75,18639,47.0295966
2020-06-22,308.95,315.95,306.10,310.75,314.25,29290,54.2222587
2020-06-19,317.00,317.05,312.00,314.25,314.20,17791,40.3772785
2020-06-18,315.00,319.50,313.50,314.20,313.50,22555,62.8649258
2020-06-17,305.00,315.90,304.40,313.50,305.60,18438,49.7605538
2020-06-16,314.00,314.80,301.40,305.60,307.05,18507,40.2707784
2020-06-15,313.95,314.80,306.20,307.05,311.75,14032,29.4072795
2020-06-12,293.00,313.65,293.00,311.75,306.50,27088,60.9286821
2020-06-11,312.80,314.65,304.55,306.50,311.50,25388,56.7216402
2020-06-10,314.80,318.20,308.40,311.50,312.65,15903,43.8588078
2020-06-09,319.05,319.90,311.00,312.65,315.55,13867,34.7285672
2020-06-08,322.00,324.20,314.50,315.55,318.35,24929,57.2619929
2020-06-05,316.55,322.70,315.65,318.35,315.50,17583,49.9920166
2020-06-04,315.40,317.90,309.50,315.50,313.85,16612,36.2718194
2020-06-03,319.70,319.70,311.35,313.85,315.50,26319,69.7046798
2020-06-02,311.85,319.85,310.35,315.50,308.45,22920,58.4121132
2020-06-01,308.00,318.80,307.00,308.45,306.45,43903,62.5829847
2020-05-29,303.50,308.95,301.00,306.45,304.10,20501,50.2692306
2020-05-28,311.95,316.20,301.35,304.10,310.00,36652,76.1832204
2020-05-27,300.40,311.65,299.35,310.00,299.50,33462,69.7588870
2020-05-26,296.15,301.90,296.15,299.50,295.00,15510,38.4201962
2020-05-22,284.00,298.85,282.50,295.00,283.40,36493,83.4102712
2020-05-21,290.00,290.20,282.50,283.40,288.85,17974,29.6768472
2020-05-20,281.55,290.70,281.25,288.85,280.35,22297,42.4753942
2020-05-19,281.00,286.70,278.25,280.35,276.35,17709,40.1969075
2020-05-18,294.00,294.00,274.10,276.35,293.20,21198,46.6044107
2020-05-15,295.90,300.80,288.30,293.20,292.70,34196,57.5247276
2020-05-14,298.65,298.65,290.75,292.70,299.75,24473,33.8440462
2020-05-13,298.50,306.00,291.35,299.75,285.00,56499,126.1825130
2020-05-12,289.75,292.00,279.80,285.00,288.70,20486,39.1632998
2020-05-11,289.00,293.50,288.00,288.70,288.85,11907,25.2618847
2020-05-08,289.00,291.40,284.00,288.85,286.05,27629,70.4699196
2020-05-07,293.00,299.00,285.00,286.05,290.55,30539,77.3296593
2020-05-06,281.00,295.00,281.00,290.55,278.25,63409,156.7170026
2020-05-05,287.40,288.00,276.35,278.25,281.10,15087,28.4918842
2020-05-04,279.50,288.70,272.20,281.10,282.70,42367,66.9066861
2020-04-30,290.00,290.00,281.00,282.70,285.05,33894,56.3373782
2020-04-29,287.00,289.25,282.50,285.05,285.10,26563,44.3494957
2020-04-28,285.40,296.60,282.20,285.10,278.25,60253,129.4870133
2020-04-27,274.95,282.85,274.00,278.25,270.05,51978,77.4183476
2020-04-24,263.40,273.00,255.35,270.05,263.45,69601,112.1986441
2020-04-23,253.00,265.00,252.55,263.45,249.90,40501,55.5391400
2020-04-22,248.00,251.10,243.00,249.90,249.40,24585,48.2077024
2020-04-21,255.95,255.95,246.25,249.40,256.45,22157,36.6077805
2020-04-20,260.00,260.50,251.50,256.45,254.00,25778,62.7389988
2020-04-17,268.50,268.50,250.00,254.00,254.40,44342,68.7830017
2020-04-16,241.40,259.50,240.00,254.40,240.05,67607,156.9036069
2020-04-15,242.00,252.00,239.00,240.05,237.00,60132,78.6697439
2020-04-13,238.00,247.15,231.55,237.00,233.10,37774,55.6983682
2020-04-09,237.30,239.45,230.70,233.10,228.60,29541,33.3886973
2020-04-08,227.00,239.90,225.55,228.60,229.80,26450,35.0446732
2020-04-07,222.85,234.40,222.20,229.80,218.55,33387,48.4684294
2020-04-03,229.00,229.40,216.20,218.55,224.65,23871,32.5470601
2020-04-01,227.55,235.30,223.00,224.65,223.55,29184,40.8039561
2020-03-31,230.00,230.00,222.50,223.55,223.00,19260,18.1113339
2020-03-30,224.75,225.75,218.00,223.00,224.50,19601,18.4352644
2020-03-27,239.50,242.90,222.00,224.50,225.10,30265,27.6459143
2020-03-26,212.65,234.35,212.65,225.10,210.95,31337,37.3298782
2020-03-25,201.70,213.80,200.50,210.95,200.75,21062,20.5289540
2020-03-24,212.05,218.50,197.00,200.75,200.70,54340,41.8885422
2020-03-23,216.00,231.00,197.00,200.70,228.95,18073,23.6212552
2020-03-20,224.00,236.00,221.15,228.95,223.10,31006,35.6874177
2020-03-19,225.00,232.00,210.30,223.10,226.75,33690,34.8283495
2020-03-18,243.10,243.10,223.00,226.75,238.40,35411,24.4304170
2020-03-17,251.10,252.65,235.00,238.40,252.05,27839,24.0811278
2020-03-16,250.00,265.50,249.00,252.05,275.85,29866,37.7015719
2020-03-13,250.00,283.40,235.00,275.85,265.85,44684,62.3124768
2020-03-12,289.50,289.50,258.30,265.85,295.45,31398,47.0556474
2020-03-11,298.50,304.35,291.00,295.45,298.25,27394,42.8191755
2020-03-09,305.00,310.00,294.00,298.25,310.35,13691,41.4962124
2020-03-06,309.95,312.00,298.30,310.35,314.95,17209,32.4420287
2020-03-05,317.00,323.00,311.40,314.95,314.95,41880,80.1480898
2020-03-04,315.00,339.70,304.40,314.95,724.45,60621,151.6305327
2020-03-04,315.00,339.70,304.40,314.95,724.45,60621,151.6305327
2020-03-04,315.00,339.70,304.40,314.95,724.45,60621,151.6305327
2020-03-04,315.00,339.70,304.40,314.95,724.45,60621,151.6305327
2020-03-03,708.90,733.00,702.10,724.45,705.60,29808,171.8397073
2020-03-03,708.90,733.00,702.10,724.45,705.60,29808,171.8397073
2020-03-03,708.90,733.00,702.10,724.45,705.60,29808,171.8397073
2020-03-03,708.90,733.00,702.10,724.45,705.60,29808,171.8397073
2020-03-03,708.90,733.00,702.10,724.45,705.60,29808,171.8397073
2020-03-02,719.20,728.85,697.65,705.60,714.00,26198,168.4363462
2020-02-28,713.50,720.45,701.10,714.00,731.80,27767,129.4290599
2020-02-27,748.00,748.50,725.25,731.80,743.95,16582,144.0065780
2020-02-26,751.00,752.00,736.00,743.95,749.60,28208,191.4629296
2020-02-25,752.10,754.30,740.35,749.60,749.80,17750,208.1203464
2020-02-24,761.00,769.80,747.55,749.80,763.65,10564,30.9041929
2020-02-20,761.00,778.50,760.10,763.65,764.75,12709,58.7022775
2020-02-19,755.00,768.00,748.30,764.75,749.60,19209,56.3420048
2020-02-19,755.00,768.00,748.30,764.75,749.60,19209,56.3420048
2020-02-19,755.00,768.00,748.30,764.75,749.60,19209,56.3420048
2020-02-19,755.00,768.00,748.30,764.75,749.60,19209,56.3420048
2020-02-19,755.00,768.00,748.30,764.75,749.60,19209,56.3420048
2020-02-18,755.00,757.00,743.10,749.60,752.70,12902,42.9317326
2020-02-17,769.00,773.00,749.50,752.70,766.65,17848,47.2502424
2020-02-14,757.05,770.00,757.05,766.65,760.75,23085,89.8404891
2020-02-13,756.05,763.25,753.00,760.75,756.65,8392,32.2698208
2020-02-12,760.05,763.95,755.60,756.65,758.25,7393,27.7082337
2020-02-11,765.15,779.80,756.10,758.25,761.45,26495,86.6201677
2020-02-10,766.80,766.80,754.65,761.45,763.80,6329,26.8079455
2020-02-07,754.90,769.65,751.80,763.80,753.15,23192,118.3266528
2020-02-06,753.90,756.50,746.55,753.15,750.45,12797,61.6047170
2020-02-05,740.00,762.00,731.05,750.45,735.85,31912,143.0493376
2020-02-04,750.00,752.10,729.00,735.85,741.55,24400,51.5441736
2020-02-03,740.70,753.00,719.40,741.55,740.70,39977,137.5313410
2020-02-01,750.50,757.85,735.00,740.70,751.20,9526,30.9831531
2020-01-31,761.00,762.30,748.00,751.20,757.90,12799,39.0011703
2020-01-30,760.65,763.70,754.00,757.90,757.55,9821,39.8275038
2020-01-29,751.00,771.15,751.00,757.55,748.95,16451,67.5341997
2020-01-28,748.00,757.40,746.95,748.95,749.65,11499,30.7212518
2020-01-27,754.00,759.00,746.00,749.65,755.40,6742,38.2040095
2020-01-24,759.75,762.00,753.55,755.40,758.45,10467,29.0666118
2020-01-23,748.35,760.95,748.00,758.45,748.35,21578,43.2678932
2020-01-22,750.25,759.50,746.10,748.35,749.45,20127,57.4165142
2020-01-21,741.00,755.70,741.00,749.45,746.30,14675,59.7309529
2020-01-20,746.80,751.70,737.35,746.30,747.35,16430,65.6043425
2020-01-17,737.90,750.30,734.10,747.35,737.90,25390,93.2504721
2020-01-16,732.00,740.50,723.95,737.90,730.00,9444,77.7220651
2020-01-15,727.10,737.45,720.35,730.00,726.60,16419,80.0074760
2020-01-14,708.00,733.95,707.00,726.60,704.65,47619,217.7212076
2020-01-13,695.00,705.70,692.05,704.65,689.70,18712,78.6223008
2020-01-10,675.10,694.00,675.10,689.70,675.65,21127,107.2696722
2020-01-09,667.90,679.10,667.15,675.65,665.05,18331,48.4787315
2020-01-08,660.10,669.80,658.25,665.05,666.30,11294,26.1957261
2020-01-07,661.00,673.00,661.00,666.30,659.75,13075,40.7323555
2020-01-06,666.00,666.00,656.05,659.75,670.05,5150,27.0855789
2020-01-03,672.80,676.70,666.05,670.05,672.80,7261,27.9200903
2020-01-02,672.20,675.20,667.55,672.80,671.35,7853,38.8588815
2020-01-01,668.55,673.40,663.25,671.35,667.10,8209,34.7904994
2019-12-31,667.00,678.10,663.85,667.10,665.55,16005,62.1796583
2019-12-30,670.80,671.75,660.35,665.55,667.50,16357,45.0205308
2019-12-27,672.00,677.00,660.00,667.50,668.60,13915,56.8629919
2019-12-26,685.65,692.00,665.10,668.60,682.80,27652,144.2503201
2019-12-24,672.70,684.70,666.00,682.80,667.90,25928,158.2762313
2019-12-23,652.00,673.35,652.00,667.90,649.75,19982,123.4633923
2019-12-20,652.10,667.00,648.55,649.75,649.25,16827,67.5217641
2019-12-19,641.00,652.95,637.85,649.25,644.15,10650,33.7889534
2019-12-18,657.00,661.20,635.85,644.15,654.70,17773,56.8278024
2019-12-17,656.95,663.05,653.45,654.70,654.00,10297,29.3016643
2019-12-16,665.05,674.00,652.45,654.00,666.65,5167,16.9838322
2019-12-13,662.90,676.95,658.00,666.65,659.60,32240,76.5386077
2019-12-12,650.10,661.15,650.10,659.60,649.55,15200,46.6544590
2019-12-11,650.00,655.35,642.65,649.55,651.15,7649,28.2288961
2019-12-10,662.50,663.75,649.00,651.15,662.60,5959,22.2900372
2019-12-09,666.00,669.90,656.65,662.60,663.85,6992,23.0431773
2019-12-06,667.00,669.50,657.85,663.85,665.90,10691,27.6044273
2019-12-05,667.00,675.00,662.10,665.90,665.55,7829,39.4740984
2019-12-04,661.00,667.45,655.70,665.55,660.60,5219,10.0597983
2019-12-03,668.90,669.00,657.10,660.60,666.90,4948,11.5844948
2019-12-02,676.90,684.95,662.30,666.90,676.90,18190,36.1821843
2019-11-29,671.20,681.85,667.90,676.90,671.20,19031,57.7354666
2019-11-28,658.00,672.60,656.05,671.20,659.80,8921,28.0238344
2019-11-27,656.00,665.90,654.65,659.80,655.90,10219,45.6986400
2019-11-26,661.60,666.45,650.30,655.90,661.65,8070,33.2420536
2019-11-25,640.55,663.50,638.00,661.65,640.55,19999,66.3487680
2019-11-22,638.95,644.90,633.15,640.55,638.85,16141,29.2617317
2019-11-21,649.00,650.35,637.05,638.85,647.95,20499,28.5785162
2019-11-20,646.00,654.30,641.40,647.95,645.45,12227,37.0561303
2019-11-19,649.00,665.70,642.60,645.45,645.55,19629,67.4494891
2019-11-18,642.10,649.40,642.00,645.55,639.15,16448,26.4767079
2019-11-15,632.75,640.95,632.00,639.15,631.40,15643,29.2986103
2019-11-14,628.30,636.00,624.60,631.40,632.30,7605,20.5588328
2019-11-13,635.90,641.85,629.35,632.30,634.20,19368,45.5875847
2019-11-11,628.90,637.55,628.00,634.20,631.55,9608,28.4891831
2019-11-08,645.00,645.95,627.95,631.55,643.80,7078,17.7667572
2019-11-07,644.00,647.80,642.10,643.80,643.55,5724,21.0248924
2019-11-06,637.00,650.80,635.00,643.55,636.85,11980,37.6123643
2019-11-05,639.00,647.00,628.70,636.85,635.85,15244,60.7499667
2019-11-04,638.70,643.90,634.15,635.85,634.75,8613,44.4648207
2019-11-01,631.00,644.85,628.05,634.75,626.80,20300,77.0431978
2019-10-31,617.25,632.15,608.35,626.80,614.30,29616,100.8057859
2019-10-30,633.00,636.70,607.10,614.30,622.65,36038,107.3259650
2019-10-29,614.75,630.70,610.70,622.65,614.70,17320,54.0787271
2019-10-27,609.90,616.80,609.85,614.70,609.65,1352,3.0335537
2019-10-25,616.00,616.85,606.50,609.65,612.45,3773,14.9964510
2019-10-24,612.00,621.00,607.35,612.45,610.30,14511,37.3048168
2019-10-23,619.80,620.65,607.20,610.30,615.95,5126,12.6878202
2019-10-22,613.00,626.60,613.00,615.95,613.50,16887,24.0175344
2019-10-18,607.00,618.90,606.15,613.50,606.15,17086,49.1195373
2019-10-17,596.00,607.85,591.70,606.15,594.35,8125,26.5002531
2019-10-16,591.40,599.00,585.20,594.35,588.20,7958,24.5738736
2019-10-15,593.70,593.70,582.70,588.20,590.00,12379,15.4218258
2019-10-14,593.70,598.50,587.65,590.00,593.65,6812,15.5454738
2019-10-11,581.95,595.50,579.20,593.65,578.85,10927,29.4395898
2019-10-10,588.50,591.60,576.50,578.85,588.35,8568,18.0173379
2019-10-09,578.80,591.00,576.00,588.35,577.05,5847,13.2246947
2019-10-07,576.85,579.85,568.10,577.05,576.85,5893,22.9294294
2019-10-04,582.10,584.00,575.00,576.85,585.25,15112,37.3633595
2019-10-03,582.10,589.60,575.75,585.25,582.30,11955,18.2280235
2019-10-01,591.15,599.65,576.10,582.30,588.95,13849,28.8702032
2019-09-30,595.20,596.50,585.00,588.95,596.50,11543,32.8332331
2019-09-27,603.40,611.05,595.00,596.50,606.40,7310,22.5236422
2019-09-26,603.00,610.25,600.20,606.40,601.15,15304,26.9237976
2019-09-25,603.80,606.45,592.05,601.15,607.15,9803,27.5387811
2019-09-24,624.40,624.40,603.50,607.15,606.00,36228,58.1104385
2019-09-23,599.95,612.70,591.80,606.00,590.45,17885,38.4951483
2019-09-20,570.00,596.75,561.05,590.45,568.20,14418,42.2651677
2019-09-19,579.00,582.75,566.45,568.20,581.85,12531,23.0476897
2019-09-18,576.70,585.50,574.25,581.85,576.50,6761,13.7501208
2019-09-17,588.30,589.15,574.75,576.50,588.30,11874,17.7570169
2019-09-16,590.35,600.70,585.70,588.30,596.50,15093,24.4033716
2019-09-13,589.80,597.55,585.40,596.50,586.85,9510,17.5337227
2019-09-12,591.50,594.00,584.50,586.85,591.95,17623,60.3067833
2019-09-11,589.00,594.55,586.25,591.95,587.80,9039,16.4096241
2019-09-09,578.50,592.50,577.25,587.80,579.45,11836,35.7316080
2019-09-06,578.00,582.75,575.00,579.45,578.90,7817,10.2145482
2019-09-05,573.00,584.95,572.75,578.90,573.50,14445,15.8768881
2019-09-04,577.00,586.15,568.60,573.50,579.80,18134,44.9450411
2019-09-03,578.80,583.00,575.25,579.80,584.30,14968,29.5005354
2019-08-30,575.00,588.95,566.20,584.30,570.40,22542,46.3124909
2019-08-29,563.00,575.40,557.35,570.40,565.00,21442,53.0182323
2019-08-28,561.00,568.00,558.60,565.00,559.70,19440,37.0899672
2019-08-27,557.15,563.00,552.65,559.70,557.15,11885,32.6225131
2019-08-26,554.00,562.00,547.80,557.15,553.25,10765,36.5565886
2019-08-23,547.55,557.00,543.00,553.25,550.55,10775,31.0048942
2019-08-22,556.35,556.35,544.40,550.55,556.35,12211,26.2170064
2019-08-21,562.00,562.80,553.80,556.35,563.65,12945,61.2163468
2019-08-20,560.35,565.35,553.65,563.65,560.00,10417,26.4300092
2019-08-19,554.00,564.35,546.40,560.00,555.90,13387,39.1159782
2019-08-16,556.00,559.95,548.70,555.90,562.75,16937,34.7757419
2019-08-14,550.00,572.65,550.00,562.75,553.15,31135,66.3764035
2019-08-13,570.00,570.15,543.00,553.15,567.35,30976,70.2722939
2019-08-09,582.80,602.00,564.40,567.35,564.50,56643,194.5031198
2019-08-08,562.50,568.20,553.10,564.50,564.45,14615,30.4073141
2019-08-07,572.95,572.95,560.10,564.45,570.10,18041,28.9573004
2019-08-06,555.00,572.90,555.00,570.10,559.75,14678,21.8574764
2019-08-05,562.70,566.15,547.50,559.75,562.70,11287,27.5407185
2019-08-02,561.15,569.90,553.00,562.70,566.65,13738,80.8404126
2019-08-01,576.95,582.00,563.15,566.65,576.75,14960,24.9806992
2019-07-31,567.70,582.30,562.60,576.75,572.20,15082,31.4208421
2019-07-30,574.05,579.00,565.00,572.20,578.65,16945,99.7344088
2019-07-29,598.00,598.00,574.40,578.65,594.55,20470,50.3793562
2019-07-26,596.05,600.50,592.40,594.55,598.10,10698,16.7265736
2019-07-25,592.50,601.30,592.50,598.10,593.35,11048,23.2297116
2019-07-24,595.80,597.95,592.05,593.35,595.80,6106,13.3077599
2019-07-23,598.35,603.70,592.50,595.80,598.35,5397,11.7012822
2019-07-22,592.65,601.50,590.00,598.35,592.65,6764,15.9346403
2019-07-19,607.55,609.00,590.00,592.65,602.70,15408,23.2240719
2019-07-18,611.00,616.00,599.35,602.70,610.45,10079,18.8194853
2019-07-17,608.00,615.85,604.55,610.45,606.65,11882,30.9492885
2019-07-16,596.55,608.00,589.10,606.65,594.60,11199,28.6327099
2019-07-15,602.80,610.00,591.25,594.60,599.85,32066,85.9499871
2019-07-12,595.95,603.15,592.50,599.85,596.35,9224,24.2196523
2019-07-11,595.00,600.00,592.00,596.35,594.65,5586,11.7781234
2019-07-10,598.20,600.95,589.00,594.65,593.80,13933,36.7392616
2019-07-09,592.00,598.20,588.15,593.80,592.00,15078,29.7970243
2019-07-08,602.00,605.60,588.70,592.00,605.60,20498,22.8861934
2019-07-05,619.90,620.75,601.10,605.60,617.95,12715,17.3893977
2019-07-04,618.40,623.00,616.75,617.95,616.25,14755,20.7913615
2019-07-03,622.80,630.00,613.15,616.25,621.40,19322,40.3566387
2019-07-02,620.00,626.35,618.35,621.40,619.70,7499,20.5331477
2019-07-01,623.90,626.65,617.00,619.70,626.60,14277,24.7423064
2019-06-28,633.00,633.00,616.65,626.60,641.30,27536,78.7644837
2019-06-27,631.50,645.00,627.05,641.30,628.40,16496,38.6445990
2019-06-26,615.00,644.35,612.10,628.40,615.80,39770,76.4033840
2019-06-25,607.55,621.75,601.40,615.80,611.40,21996,58.0290716
2019-06-24,607.60,616.00,606.50,611.40,607.55,16256,35.8925570
2019-06-21,612.10,614.40,599.10,607.55,616.10,21312,41.1228186
2019-06-20,605.05,620.25,597.60,616.10,610.00,21166,45.0969406
2019-06-19,623.10,625.50,604.85,610.00,621.50,26587,41.7687367
2019-06-18,622.00,626.55,618.10,621.50,622.05,8857,17.5787525
2019-06-17,627.20,631.20,620.00,622.05,628.00,14838,29.8698036
2019-06-14,628.00,637.95,625.25,628.00,631.35,18827,26.9930197
2019-06-13,627.90,634.30,624.00,631.35,627.30,14379,24.2638852
2019-06-12,635.95,636.80,625.00,627.30,636.80,25087,30.4736920
2019-06-11,626.00,641.00,622.30,636.80,627.25,18071,25.0600662
2019-06-10,629.30,634.35,622.95,627.25,628.55,28317,20.5932788
2019-06-07,621.00,630.55,621.00,628.55,624.00,23355,20.9911471
2019-06-06,626.35,632.45,619.25,624.00,630.95,24588,36.4656085
2019-06-04,633.00,645.00,625.30,630.95,630.65,29648,67.8549454
2019-06-03,632.00,642.75,629.00,630.65,631.10,14135,34.6478816
2019-05-31,634.70,638.50,628.55,631.10,633.05,18685,56.7608062
2019-05-30,636.00,640.55,629.00,633.05,635.15,20588,39.2290135
2019-05-29,647.80,649.90,632.55,635.15,645.40,24362,28.3315801
2019-05-28,637.00,648.65,631.10,645.40,635.85,29800,46.6289644
2019-05-27,629.00,637.40,626.90,635.85,628.35,22537,44.3082317
2019-05-24,617.00,629.80,617.00,628.35,616.35,20273,31.3424057
2019-05-23,625.50,631.70,611.00,616.35,622.50,25188,37.4589821
2019-05-22,616.50,629.95,616.45,622.50,616.40,44687,67.1751609
2019-05-21,611.40,619.05,599.15,616.40,609.45,45603,100.1205472
2019-05-20,626.10,635.00,607.00,609.45,619.75,61656,122.9097227
2019-05-17,604.00,624.20,600.50,619.75,603.60,61707,208.7846370
2019-05-16,562.00,607.95,553.05,603.60,556.80,150103,544.6529489
2019-05-15,578.60,578.60,555.30,556.80,574.10,16266,27.0808232
2019-05-14,575.00,581.50,565.50,574.10,574.90,21082,29.7733762
2019-05-13,590.95,592.55,570.15,574.90,590.00,11197,34.6671482
2019-05-10,589.75,594.65,589.00,590.00,589.00,6870,19.6984574
2019-05-09,589.00,596.50,585.05,589.00,590.25,8316,22.1633661
2019-05-08,594.05,601.00,584.25,590.25,596.00,11097,34.2346698
2019-05-07,604.00,611.30,592.05,596.00,605.20,26770,92.0377227
2019-05-06,562.00,610.40,561.75,605.20,556.50,87286,387.5603344
2019-05-03,575.00,577.80,552.30,556.50,576.50,26009,110.5269059
2019-05-02,574.00,585.30,570.05,576.50,577.15,9186,22.1628555
2019-04-30,583.00,583.60,564.35,577.15,580.40,11404,27.4195500
2019-04-26,574.00,582.20,572.50,580.40,572.20,9170,29.3740753
2019-04-25,582.00,583.10,570.70,572.20,582.75,16232,48.9661968
2019-04-24,584.90,586.90,575.80,582.75,584.15,10960,37.8672036
2019-04-23,587.00,589.70,581.10,584.15,587.65,5091,36.5365030
2019-04-22,597.00,597.00,584.05,587.65,597.70,10406,25.2275049
2019-04-18,612.25,612.25,590.70,597.70,612.25,15175,43.0112903
2019-04-16,611.40,619.40,610.00,612.25,610.75,8075,23.0704484
2019-04-15,607.55,615.50,604.40,610.75,607.40,14302,20.1739686
2019-04-12,603.15,611.00,601.05,607.40,605.70,12833,25.9643130
2019-04-11,610.00,613.85,603.75,605.70,611.30,7610,21.4204255
2019-04-10,605.15,614.65,600.65,611.30,608.60,8570,38.6830081
2019-04-09,611.95,612.25,604.00,608.60,611.95,8789,24.9023981
2019-04-08,608.50,614.00,602.00,611.95,606.95,15209,50.3483757
2019-04-05,609.00,612.00,601.30,606.95,604.80,21950,57.0966894
2019-04-04,590.15,608.00,588.20,604.80,590.95,22575,69.5724903
2019-04-03,599.80,603.90,588.75,590.95,595.45,16576,57.1531348
2019-04-02,583.15,598.80,583.15,595.45,584.10,16609,46.3646939
2019-04-01,593.95,599.00,582.60,584.10,588.80,13703,39.8363916
2019-03-29,590.50,594.70,579.20,588.80,587.25,20086,86.0359078
2019-03-28,584.00,589.40,578.20,587.25,583.50,16822,35.1591804
2019-03-27,584.35,585.00,577.00,583.50,582.95,14641,56.6644935
2019-03-26,577.50,585.00,572.50,582.95,574.70,12861,33.3260728
2019-03-25,580.70,581.50,570.75,574.70,581.15,13133,28.9315338
2019-03-22,585.95,588.00,575.15,581.15,585.30,9098,33.3834275
2019-03-20,592.90,594.25,583.35,585.30,591.85,6938,20.9520662
2019-03-19,596.90,596.90,587.25,591.85,589.75,12993,37.4764097
2019-03-18,586.00,597.95,581.20,589.75,585.75,20284,63.5085892
2019-03-15,580.00,588.40,576.65,585.75,577.90,12977,42.2477351
2019-03-14,580.00,584.00,569.05,577.90,578.60,17754,48.5354819
2019-03-13,583.00,589.10,576.35,578.60,583.60,13928,44.9951183
2019-03-12,594.40,595.00,582.00,583.60,588.55,32107,58.9958524
2019-03-11,580.10,590.00,580.00,588.55,577.90,39064,88.9467497
2019-03-08,589.95,592.00,573.00,577.90,580.50,32710,112.7189276
2019-03-07,575.00,584.90,569.00,580.50,577.00,32116,133.4901032
2019-03-06,588.00,588.00,575.50,577.00,579.25,25702,77.5882689
2019-03-05,566.00,582.50,565.15,579.25,564.55,40908,143.1656315
2019-03-01,559.95,568.40,559.00,564.55,556.35,24151,59.5978701
2019-02-28,557.50,561.55,554.65,556.35,555.95,20757,48.0436954
2019-02-27,560.00,564.50,550.40,555.95,558.05,15788,33.4661526
2019-02-26,563.00,566.45,556.00,558.05,566.55,20502,46.5961337
2019-02-25,567.80,570.15,562.05,566.55,564.80,9965,32.1796915
2019-02-22,563.50,569.00,558.00,564.80,565.85,10431,23.6024751
2019-02-21,569.45,572.50,563.85,565.85,565.05,14465,19.1574558
2019-02-20,569.55,572.00,562.35,565.05,566.05,9610,15.4941726
2019-02-19,556.55,572.65,556.00,566.05,554.85,14432,40.1307852
2019-02-18,556.00,561.95,551.00,554.85,555.15,19353,33.8523123
2019-02-15,565.20,565.20,550.10,555.15,566.60,16706,31.7978300
2019-02-14,563.70,569.45,554.50,566.60,565.00,12939,26.3372597
2019-02-13,569.80,580.65,561.60,565.00,569.00,23407,34.0774378
2019-02-12,583.00,586.20,566.45,569.00,585.05,26061,47.9987163
2019-02-11,593.00,597.75,580.00,585.05,594.25,27885,65.0988734
2019-02-08,596.60,605.00,590.95,594.25,598.10,34290,58.9264703
2019-02-07,594.00,602.75,588.90,598.10,594.40,47461,104.2190478
2019-02-06,620.00,632.80,586.35,594.40,645.70,92631,327.9445194
2019-02-05,657.35,664.30,641.15,645.70,657.35,23749,41.6445652
2019-02-04,664.65,668.65,655.00,657.35,668.00,13270,27.6190844
2019-02-01,678.00,679.00,662.00,668.00,674.30,15883,26.7609540
2019-01-31,677.60,685.95,671.80,674.30,680.30,11650,28.3797884
2019-01-30,671.00,682.90,666.00,680.30,667.10,17513,17.1077701
2019-01-29,658.80,671.00,656.30,667.10,661.45,14204,26.5430756
2019-01-28,680.10,685.60,656.80,661.45,682.45,16676,37.1911924
2019-01-25,686.00,694.00,679.40,682.45,689.20,16857,33.5065797
2019-01-24,680.25,690.15,678.25,689.20,681.25,12278,25.9524464
2019-01-23,688.00,692.50,678.70,681.25,688.25,14882,18.6006791
2019-01-22,691.00,694.00,677.50,688.25,688.05,12420,21.3154636
2019-01-21,693.90,697.70,685.50,688.05,693.70,4711,16.2811567
2019-01-18,691.20,695.85,685.55,693.70,693.10,6461,12.8198513
2019-01-17,698.00,698.00,690.05,693.10,694.90,5572,14.3117837
2019-01-16,695.10,702.35,693.15,694.90,695.35,14310,16.6004969
2019-01-15,696.00,699.00,692.05,695.35,693.05,6478,12.9399739
2019-01-14,696.90,697.00,691.55,693.05,697.75,8240,16.8447615
2019-01-11,699.30,700.50,693.65,697.75,699.25,3423,11.8156190
2019-01-10,695.10,701.15,695.10,699.25,697.15,5902,14.3224948
2019-01-09,700.15,701.55,692.05,697.15,699.80,10324,19.5918602
2019-01-08,699.90,705.00,697.00,699.80,699.90,4657,16.3097806
2019-01-07,702.65,706.00,694.10,699.90,698.45,5583,16.3062517
2019-01-04,696.00,704.80,694.50,698.45,694.45,9674,60.7727290
2019-01-03,701.50,705.70,691.10,694.45,700.85,12867,31.5769029
2019-01-02,706.90,709.05,697.05,700.85,705.30,9606,53.7722765
2019-01-01,708.00,712.65,704.30,705.30,706.70,5054,24.6427368
2018-12-31,711.00,720.80,704.95,706.70,709.50,12006,50.3166037
2018-12-28,705.90,715.00,705.90,709.50,701.85,9225,37.0254964
2018-12-27,705.00,710.95,698.05,701.85,701.25,17628,59.3542809
2018-12-26,710.00,714.00,686.75,701.25,710.15,9321,32.1821264
2018-12-24,704.00,717.00,699.00,710.15,704.60,8218,26.5263625
2018-12-21,720.00,726.00,701.15,704.60,717.70,8653,30.4180786
2018-12-20,707.65,727.40,703.20,717.70,711.80,16970,52.5426050
2018-12-19,715.25,722.60,708.70,711.80,715.45,11098,39.2300840
2018-12-18,707.90,724.55,702.15,715.45,705.45,23627,76.7878463
2018-12-17,687.00,715.70,687.00,705.45,687.30,21610,61.0035127
2018-12-14,692.00,695.80,683.30,687.30,690.35,5790,15.0365057
2018-12-13,690.00,694.95,685.05,690.35,688.00,9115,17.4179305
2018-12-12,672.35,689.50,672.35,688.00,671.35,8502,31.1091163
2018-12-11,652.00,677.20,652.00,671.35,657.05,6885,14.3546695
2018-12-10,666.85,669.95,654.20,657.05,673.95,7459,24.0578556
2018-12-07,670.00,676.60,662.00,673.95,668.90,8581,19.9518201
2018-12-06,663.00,675.00,660.65,668.90,666.50,18760,52.1331195
2018-12-05,682.50,683.65,665.00,666.50,683.30,23789,48.4654934
2018-12-04,697.05,702.00,681.30,683.30,696.75,15597,32.5656939
2018-12-03,697.25,703.05,691.20,696.75,697.45,7646,23.2791682
2018-11-30,702.95,715.50,691.00,697.45,699.35,34249,96.3213920
2018-11-29,693.25,703.95,690.05,699.35,692.50,14107,60.3862614
2018-11-28,712.00,715.50,689.25,692.50,709.05,12563,45.8900382
2018-11-27,698.00,722.80,696.05,709.05,699.20,38684,108.5092202
2018-11-26,700.00,707.00,689.95,699.20,699.40,10905,29.7993348
2018-11-22,687.00,706.80,687.00,699.40,684.95,24331,44.3039367
2018-11-21,688.15,693.75,679.20,684.95,691.50,25644,30.1311239
2018-11-20,702.00,708.00,686.85,691.50,700.00,24698,46.1006573
2018-11-19,698.80,705.00,693.00,700.00,695.85,30367,38.9853110
2018-11-16,691.95,698.25,686.00,695.85,687.50,17881,17.0573725
2018-11-15,699.50,703.45,684.15,687.50,699.50,22661,26.5056536
2018-11-14,692.00,708.80,689.00,699.50,687.05,29597,41.4832302
2018-11-13,688.55,702.65,680.40,687.05,698.80,24166,37.0817009
2018-11-12,700.00,707.00,690.25,698.80,699.40,15005,20.1096450
2018-11-09,704.50,712.55,697.00,699.40,702.35,16800,23.9670249
2018-11-07,697.90,704.85,697.80,702.35,693.80,1921,5.7431218
2018-11-06,681.25,703.95,681.25,693.80,680.15,18424,37.9333258
2018-11-05,692.95,693.00,668.00,680.15,696.15,21315,74.8422002
2018-11-02,694.75,712.30,690.55,696.15,688.00,16266,45.2518416
2018-11-01,686.80,693.95,679.85,688.00,685.75,12312,28.7741739
2018-10-31,681.55,690.00,670.40,685.75,681.15,8487,19.6104537
2018-10-30,686.00,687.95,674.05,681.15,685.20,13731,21.8732424
2018-10-29,674.00,688.65,667.65,685.20,671.00,19858,38.0948827
2018-10-26,664.00,675.00,652.50,671.00,666.50,16987,29.1153543
2018-10-25,661.50,681.50,653.60,666.50,668.35,18697,44.7631593
2018-10-24,673.00,679.50,661.40,668.35,671.50,10033,29.7329424
2018-10-23,661.00,676.95,660.00,671.50,669.35,10119,25.5410562
2018-10-22,674.00,685.00,662.30,669.35,671.95,10614,30.9428515
2018-10-19,667.70,676.35,652.50,671.95,670.10,8768,20.1553751
2018-10-17,678.20,686.60,663.75,670.10,676.55,11564,27.4944176
2018-10-16,657.00,687.00,654.00,676.55,649.80,18789,55.5124265
2018-10-15,661.00,661.00,641.00,649.80,655.95,15868,34.3345404
2018-10-12,640.00,659.80,637.30,655.95,634.35,20065,27.2434616
2018-10-11,639.85,650.15,623.10,634.35,649.50,25801,45.0519017
2018-10-10,631.50,657.00,628.95,649.50,635.75,17189,37.7656126
2018-10-09,638.00,643.45,622.00,635.75,640.25,11600,23.4913737
2018-10-08,655.00,662.50,630.45,640.25,655.55,16887,46.3321928
2018-10-05,659.00,664.95,646.05,655.55,660.25,11416,25.4934228
2018-10-04,660.00,671.95,650.50,660.25,669.25,17069,23.9383527
2018-10-03,692.00,696.00,666.05,669.25,690.50,13977,34.4272543
2018-10-01,696.55,696.55,670.50,690.50,692.40,9067,25.1640123
2018-09-28,682.10,697.80,675.75,692.40,681.85,17250,50.3759826
2018-09-27,697.10,698.75,679.30,681.85,699.00,14567,38.4153503
2018-09-26,712.10,712.95,695.20,699.00,710.80,10611,20.7536780
2018-09-25,707.75,717.65,688.25,710.80,707.95,11485,26.6669966
2018-09-24,734.00,734.05,703.00,707.95,736.75,8915,23.4170273
2018-09-21,738.00,743.95,675.10,736.75,738.75,31194,111.7332948
2018-09-19,742.55,746.95,734.75,738.75,741.15,8709,19.1765511
2018-09-18,751.40,752.65,733.50,741.15,751.00,12304,29.7937801
2018-09-17,746.50,762.50,740.00,751.00,746.70,13800,34.2918060
2018-09-14,751.00,756.40,742.35,746.70,748.25,20017,28.1369636
2018-09-12,734.00,751.25,724.75,748.25,738.10,11327,22.3863837
2018-09-11,745.30,749.05,735.00,738.10,747.00,11729,41.9001598
2018-09-10,759.65,763.00,745.10,747.00,760.60,10045,27.5531193
2018-09-07,743.00,764.85,739.00,760.60,743.90,17876,50.5762054
2018-09-06,743.00,758.90,738.00,743.90,740.90,13320,44.0749132
2018-09-05,741.20,748.95,733.95,740.90,748.75,19955,57.1632443
2018-09-04,765.00,765.00,744.35,748.75,767.95,25253,72.9958047
2018-09-03,760.00,782.00,756.00,767.95,759.65,29589,83.3313647
2018-08-31,757.50,769.80,754.55,759.65,759.90,17393,37.4409858
2018-08-30,754.25,766.60,744.55,759.90,757.70,32704,82.7345502
2018-08-29,750.80,762.50,750.10,757.70,749.40,17976,79.2287938
2018-08-28,750.50,757.40,741.00,749.40,748.95,20747,78.9873630
2018-08-27,734.90,750.65,726.85,748.95,729.85,30367,121.8550702
2018-08-24,710.30,733.15,710.10,729.85,709.05,42231,136.1173971
2018-08-23,712.00,714.55,702.00,709.05,708.25,9786,29.8221505
2018-08-21,707.65,710.85,700.00,708.25,703.65,7490,29.4799497
2018-08-20,714.95,715.30,697.75,703.65,707.80,37762,85.5645241
2018-08-17,702.00,713.75,694.10,707.80,694.95,16353,58.8387539
2018-08-16,680.25,704.90,674.00,694.95,677.75,27640,105.2676234
2018-08-14,674.50,682.80,648.25,677.75,675.85,46092,186.7671864
2018-08-13,669.10,681.00,665.40,675.85,672.80,11848,24.3179451
2018-08-10,675.45,678.50,670.00,672.80,674.60,9217,28.7403040
2018-08-09,674.95,678.80,670.00,674.60,671.65,5839,14.5336702
2018-08-08,669.95,684.00,666.00,671.65,668.35,17009,49.5152656
2018-08-07,693.05,695.80,664.40,668.35,693.00,15591,67.2726101
2018-08-06,694.20,701.00,690.20,693.00,693.05,4867,13.9033087
2018-08-03,690.05,703.00,686.15,693.05,690.10,17847,55.3422925
2018-08-02,684.95,699.30,676.40,690.10,684.90,21787,34.3190762
2018-08-01,690.00,692.00,682.60,684.90,688.90,11841,15.3855593
2018-07-31,684.25,694.25,680.85,688.90,685.25,10021,20.1036209
2018-07-30,680.00,689.05,678.25,685.25,679.45,5748,17.5580958
2018-07-27,674.00,687.55,673.90,679.45,673.85,11368,20.5591314
2018-07-26,672.25,682.25,669.60,673.85,672.20,11404,39.4390497
2018-07-25,672.00,678.05,666.00,672.20,670.55,9482,25.2368983
2018-07-24,670.00,682.65,667.85,670.55,669.70,8730,32.4473874
2018-07-23,662.00,674.75,656.00,669.70,660.15,14640,41.7002196
2018-07-20,669.00,670.45,658.95,660.15,666.75,5764,20.5807416
2018-07-19,668.05,677.65,657.00,666.75,667.40,14207,41.2801095
2018-07-18,686.00,692.40,663.10,667.40,683.95,8526,37.2586568
2018-07-17,669.85,686.70,662.35,683.95,669.45,8046,31.3538624
2018-07-16,682.90,684.50,667.00,669.45,706.10,12026,35.7895902
2018-07-13,720.00,720.20,704.00,706.10,713.75,12356,36.9887747
2018-07-12,707.50,716.20,707.25,713.75,705.35,25205,40.0123785
2018-07-11,708.40,716.90,698.60,705.35,710.30,15217,46.2164963
2018-07-10,714.00,726.80,707.20,710.30,711.95,10488,36.0933647
2018-07-09,704.10,716.40,704.10,711.95,702.25,11108,39.7252712
2018-07-06,691.60,704.45,688.00,702.25,693.40,7715,26.8799787
2018-07-05,692.60,696.00,683.40,693.40,691.65,10581,25.5887455
2018-07-04,703.65,705.00,689.80,691.65,703.65,8007,24.8916375
2018-07-03,687.30,718.00,685.00,703.65,692.20,18006,47.8310719
2018-07-02,700.00,701.00,681.05,692.20,697.85,9584,23.9951755
2018-06-29,691.40,701.00,685.25,697.85,689.60,13309,24.1677403
2018-06-28,705.00,706.80,682.50,689.60,707.00,17602,39.5173622
2018-06-27,705.50,712.80,701.05,707.00,706.80,18321,45.8912196
2018-06-26,713.10,713.25,698.25,706.80,716.60,13130,36.4469137
2018-06-25,718.00,723.70,715.25,716.60,719.50,9128,21.1192607
2018-06-22,726.05,728.50,715.10,719.50,729.05,8611,39.0164135
2018-06-21,728.10,739.95,726.10,729.05,729.75,14982,44.4037534
2018-06-20,725.00,732.55,715.75,729.75,724.10,10896,17.1097190
2018-06-19,732.40,732.40,719.15,724.10,732.40,7368,27.3305517
2018-06-18,740.00,744.00,730.00,732.40,739.70,6754,21.8993971
2018-06-15,738.00,744.00,729.65,739.70,739.10,16935,50.1488316
2018-06-14,739.50,740.25,733.50,739.10,741.35,8057,24.0991505
2018-06-13,742.40,743.05,731.60,741.35,745.20,14574,45.7070628